Assembly Point,Sink,Total_TravelTime
Japan National Stadium,Tokyo Port,22.5807094
Japan National Stadium,Haneda Airport,36.29556992
Japan National Stadium,Yokohama Port,47.64583122
Japan National Stadium,Narita Airport,68.67370142
Japan National Stadium,Sendai Airport,250.3967752
Japan National Stadium,Nagoya Port,256.1068794
Japan National Stadium,Chubu Centrair Airport,263.5909357
Japan National Stadium,Kanazawa Port,360.1854962
Japan National Stadium,Osaka Itami Airport,362.5979949
Japan National Stadium,Osaka Port,374.1276458
Japan National Stadium,Kobe Port,397.8022356
Japan National Stadium,Kobe Airport,402.6525794
Japan National Stadium,Kansai Airport,406.3571858
Japan National Stadium,Hiroshima Port,580.8981561
Japan National Stadium,Kochi Port,583.0976991
Japan National Stadium,Hakodate Port,676.1946553
Japan National Stadium,Hakata Port,763.8466725
Japan National Stadium,Fukuoka Airport,769.7335138
Japan National Stadium,Sasebo Port,834.7013432
Japan National Stadium,Kumamoto Airport,836.9568216
Japan National Stadium,Nagasaki Airport,846.1127946
Japan National Stadium,New Chitose Airport,856.1803885
Japan National Stadium,Nagasaki Port,856.2744696
Japan National Stadium,Miyazaki Airport,883.3559694
Japan National Stadium,Kagoshima Airport,916.6101593
Nissan Stadium,Yokohama Port,16.18026379
Nissan Stadium,Haneda Airport,29.24313801
Nissan Stadium,Tokyo Port,36.28032598
Nissan Stadium,Narita Airport,87.81615477
Nissan Stadium,Nagoya Port,234.6513561
Nissan Stadium,Chubu Centrair Airport,242.1354124
Nissan Stadium,Sendai Airport,277.0369359
Nissan Stadium,Osaka Itami Airport,341.1424715
Nissan Stadium,Osaka Port,352.6721225
Nissan Stadium,Kanazawa Port,374.8728867
Nissan Stadium,Kobe Port,376.3467123
Nissan Stadium,Kobe Airport,381.1970561
Nissan Stadium,Kansai Airport,384.9016624
Nissan Stadium,Hiroshima Port,559.4426328
Nissan Stadium,Kochi Port,561.6421758
Nissan Stadium,Hakodate Port,702.834816
Nissan Stadium,Hakata Port,742.3911492
Nissan Stadium,Fukuoka Airport,748.2779905
Nissan Stadium,Sasebo Port,813.2458199
Nissan Stadium,Kumamoto Airport,815.5012983
Nissan Stadium,Nagasaki Airport,824.6572713
Nissan Stadium,Nagasaki Port,834.8189462
Nissan Stadium,Miyazaki Airport,861.9004461
Nissan Stadium,New Chitose Airport,882.8205492
Nissan Stadium,Kagoshima Airport,895.1546359
Saitama Stadium,Tokyo Port,56.54465576
Saitama Stadium,Narita Airport,70.76289192
Saitama Stadium,Haneda Airport,72.8231645
Saitama Stadium,Yokohama Port,87.47324957
Saitama Stadium,Sendai Airport,233.611721
Saitama Stadium,Nagoya Port,297.9078047
Saitama Stadium,Chubu Centrair Airport,305.391861
Saitama Stadium,Kanazawa Port,342.5794887
Saitama Stadium,Osaka Itami Airport,404.3989202
Saitama Stadium,Osaka Port,415.9285711
Saitama Stadium,Kobe Port,439.6031609
Saitama Stadium,Kobe Airport,444.4535047
Saitama Stadium,Kansai Airport,448.158111
Saitama Stadium,Hiroshima Port,622.6990814
Saitama Stadium,Kochi Port,624.8986244
Saitama Stadium,Hakodate Port,649.1917638
Saitama Stadium,Hakata Port,805.6475978
Saitama Stadium,Fukuoka Airport,811.5344391
Saitama Stadium,New Chitose Airport,829.177497
Saitama Stadium,Sasebo Port,876.5022685
Saitama Stadium,Kumamoto Airport,878.7577469
Saitama Stadium,Nagasaki Airport,887.9137199
Saitama Stadium,Nagasaki Port,898.0753948
Saitama Stadium,Miyazaki Airport,925.1568947
Saitama Stadium,Kagoshima Airport,958.4110845
Tokyo Dome,Tokyo Port,24.36029295
Tokyo Dome,Haneda Airport,39.07089245
Tokyo Dome,Yokohama Port,50.46455357
Tokyo Dome,Narita Airport,67.08739447
Tokyo Dome,Sendai Airport,248.8104682
Tokyo Dome,Nagoya Port,264.6809538
Tokyo Dome,Chubu Centrair Airport,272.1650101
Tokyo Dome,Kanazawa Port,352.3714251
Tokyo Dome,Osaka Itami Airport,371.1720692
Tokyo Dome,Osaka Port,382.7017202
Tokyo Dome,Kobe Port,406.3763099
Tokyo Dome,Kobe Airport,411.2266538
Tokyo Dome,Kansai Airport,414.9312601
Tokyo Dome,Hiroshima Port,589.4722305
Tokyo Dome,Kochi Port,591.6717735
Tokyo Dome,Hakodate Port,674.6083483
Tokyo Dome,Hakata Port,772.4207469
Tokyo Dome,Fukuoka Airport,778.3075882
Tokyo Dome,Sasebo Port,843.2754176
Tokyo Dome,Kumamoto Airport,845.530896
Tokyo Dome,New Chitose Airport,854.5940815
Tokyo Dome,Nagasaki Airport,854.686869
Tokyo Dome,Nagasaki Port,864.8485439
Tokyo Dome,Miyazaki Airport,891.9300438
Tokyo Dome,Kagoshima Airport,925.1842336
Kyocera Dome Osaka,Osaka Port,10.40937449
Kyocera Dome Osaka,Osaka Itami Airport,23.81865213
Kyocera Dome Osaka,Kobe Port,47.8093766
Kyocera Dome Osaka,Kobe Airport,52.65972045
Kyocera Dome Osaka,Kansai Airport,56.06627495
Kyocera Dome Osaka,Nagoya Port,135.6224948
Kyocera Dome Osaka,Chubu Centrair Airport,153.8292378
Kyocera Dome Osaka,Kanazawa Port,222.5576189
Kyocera Dome Osaka,Kochi Port,240.655589
Kyocera Dome Osaka,Hiroshima Port,251.3324326
Kyocera Dome Osaka,Yokohama Port,354.9945574
Kyocera Dome Osaka,Haneda Airport,371.9481138
Kyocera Dome Osaka,Tokyo Port,380.3370779
Kyocera Dome Osaka,Narita Airport,431.8729067
Kyocera Dome Osaka,Hakata Port,434.280949
Kyocera Dome Osaka,Fukuoka Airport,440.1677903
Kyocera Dome Osaka,Sasebo Port,505.1356197
Kyocera Dome Osaka,Kumamoto Airport,507.3910981
Kyocera Dome Osaka,Nagasaki Airport,516.5470711
Kyocera Dome Osaka,Nagasaki Port,526.708746
Kyocera Dome Osaka,Miyazaki Airport,540.9138593
Kyocera Dome Osaka,Kagoshima Airport,587.0444357
Kyocera Dome Osaka,Sendai Airport,601.6940525
Kyocera Dome Osaka,Hakodate Port,1004.005585
Kyocera Dome Osaka,New Chitose Airport,1183.991319
Sapparo Dome,New Chitose Airport,44.4705487
Sapparo Dome,Hakodate Port,226.1724003
Sapparo Dome,Sendai Airport,651.8853912
Sapparo Dome,Narita Airport,859.7641317
Sapparo Dome,Tokyo Port,882.905694
Sapparo Dome,Haneda Airport,899.1842027
Sapparo Dome,Yokohama Port,913.8342878
Sapparo Dome,Kanazawa Port,1006.670005
Sapparo Dome,Nagoya Port,1117.731898
Sapparo Dome,Chubu Centrair Airport,1125.215954
Sapparo Dome,Osaka Itami Airport,1204.75927
Sapparo Dome,Osaka Port,1216.288921
Sapparo Dome,Kobe Port,1239.240633
Sapparo Dome,Kobe Airport,1244.090977
Sapparo Dome,Kansai Airport,1248.518461
Sapparo Dome,Hiroshima Port,1405.03974
Sapparo Dome,Kochi Port,1411.551172
Sapparo Dome,Hakata Port,1587.988256
Sapparo Dome,Fukuoka Airport,1593.875097
Sapparo Dome,Sasebo Port,1658.842927
Sapparo Dome,Kumamoto Airport,1661.098405
Sapparo Dome,Nagasaki Airport,1670.254378
Sapparo Dome,Nagasaki Port,1680.416053
Sapparo Dome,Miyazaki Airport,1711.809443
Sapparo Dome,Kagoshima Airport,1740.751743
Fukuoka PayPay Dome,Hakata Port,13.5053255
Fukuoka PayPay Dome,Fukuoka Airport,17.77340003
Fukuoka PayPay Dome,Sasebo Port,97.42451799
Fukuoka PayPay Dome,Kumamoto Airport,99.67999638
Fukuoka PayPay Dome,Nagasaki Airport,108.8359694
Fukuoka PayPay Dome,Nagasaki Port,118.9976444
Fukuoka PayPay Dome,Kagoshima Airport,179.333334
Fukuoka PayPay Dome,Miyazaki Airport,212.3818519
Fukuoka PayPay Dome,Hiroshima Port,215.8311774
Fukuoka PayPay Dome,Kochi Port,414.0731055
Fukuoka PayPay Dome,Osaka Itami Airport,419.031287
Fukuoka PayPay Dome,Kobe Port,421.6298606
Fukuoka PayPay Dome,Kobe Airport,426.4802045
Fukuoka PayPay Dome,Osaka Port,437.9406339
Fukuoka PayPay Dome,Kansai Airport,483.4370195
Fukuoka PayPay Dome,Nagoya Port,532.2241125
Fukuoka PayPay Dome,Chubu Centrair Airport,550.4308555
Fukuoka PayPay Dome,Kanazawa Port,601.1505619
Fukuoka PayPay Dome,Yokohama Port,751.596175
Fukuoka PayPay Dome,Haneda Airport,768.5497315
Fukuoka PayPay Dome,Tokyo Port,776.9386956
Fukuoka PayPay Dome,Narita Airport,828.4745244
Fukuoka PayPay Dome,Sendai Airport,980.2869955
Fukuoka PayPay Dome,Hakodate Port,1382.598528
Fukuoka PayPay Dome,New Chitose Airport,1562.584262
Shizuoka Stadium,Nagoya Port,107.8871474
Shizuoka Stadium,Chubu Centrair Airport,115.3712036
Shizuoka Stadium,Yokohama Port,158.6671422
Shizuoka Stadium,Haneda Airport,175.6206987
Shizuoka Stadium,Tokyo Port,184.0096628
Shizuoka Stadium,Osaka Itami Airport,214.3782628
Shizuoka Stadium,Osaka Port,225.9079138
Shizuoka Stadium,Narita Airport,235.5454916
Shizuoka Stadium,Kobe Port,249.5825035
Shizuoka Stadium,Kobe Airport,254.4328474
Shizuoka Stadium,Kansai Airport,258.1374537
Shizuoka Stadium,Kanazawa Port,264.9056378
Shizuoka Stadium,Sendai Airport,418.646041
Shizuoka Stadium,Hiroshima Port,432.6784241
Shizuoka Stadium,Kochi Port,434.8779671
Shizuoka Stadium,Hakata Port,615.6269404
Shizuoka Stadium,Fukuoka Airport,621.5137817
Shizuoka Stadium,Sasebo Port,686.4816111
Shizuoka Stadium,Kumamoto Airport,688.7370895
Shizuoka Stadium,Nagasaki Airport,697.8930625
Shizuoka Stadium,Nagasaki Port,708.0547375
Shizuoka Stadium,Miyazaki Airport,735.1362373
Shizuoka Stadium,Kagoshima Airport,768.3904272
Shizuoka Stadium,Hakodate Port,825.8696652
Shizuoka Stadium,New Chitose Airport,1005.855398
Ajinomoto Stadium,Tokyo Port,43.89638334
Ajinomoto Stadium,Haneda Airport,49.60535015
Ajinomoto Stadium,Yokohama Port,55.04454922
Ajinomoto Stadium,Narita Airport,89.98937537
Ajinomoto Stadium,Nagoya Port,258.2666486
Ajinomoto Stadium,Chubu Centrair Airport,265.7507049
Ajinomoto Stadium,Sendai Airport,270.9135447
Ajinomoto Stadium,Kanazawa Port,355.4666986
Ajinomoto Stadium,Osaka Itami Airport,364.7577641
Ajinomoto Stadium,Osaka Port,376.287415
Ajinomoto Stadium,Kobe Port,399.9620048
Ajinomoto Stadium,Kobe Airport,404.8123486
Ajinomoto Stadium,Kansai Airport,408.5169549
Ajinomoto Stadium,Hiroshima Port,583.0579253
Ajinomoto Stadium,Kochi Port,585.2574683
Ajinomoto Stadium,Hakodate Port,692.7009334
Ajinomoto Stadium,Hakata Port,766.0064417
Ajinomoto Stadium,Fukuoka Airport,771.893283
Ajinomoto Stadium,Sasebo Port,836.8611124
Ajinomoto Stadium,Kumamoto Airport,839.1165908
Ajinomoto Stadium,Nagasaki Airport,848.2725638
Ajinomoto Stadium,Nagasaki Port,858.4342387
Ajinomoto Stadium,New Chitose Airport,872.6866667
Ajinomoto Stadium,Miyazaki Airport,885.5157386
Ajinomoto Stadium,Kagoshima Airport,918.7699284
Nagoya Dome,Nagoya Port,30.0132471
Nagoya Dome,Chubu Centrair Airport,45.87739643
Nagoya Dome,Osaka Itami Airport,135.7780103
Nagoya Dome,Osaka Port,147.3076613
Nagoya Dome,Kobe Port,170.982251
Nagoya Dome,Kobe Airport,175.8325949
Nagoya Dome,Kansai Airport,179.5372012
Nagoya Dome,Kanazawa Port,186.2591855
Nagoya Dome,Yokohama Port,241.3737958
Nagoya Dome,Haneda Airport,258.3273522
Nagoya Dome,Tokyo Port,266.7163163
Nagoya Dome,Narita Airport,318.2521451
Nagoya Dome,Hiroshima Port,354.0781716
Nagoya Dome,Kochi Port,356.2777146
Nagoya Dome,Sendai Airport,501.3526946
Nagoya Dome,Hakata Port,537.0266879
Nagoya Dome,Fukuoka Airport,542.9135292
Nagoya Dome,Sasebo Port,607.8813586
Nagoya Dome,Kumamoto Airport,610.136837
Nagoya Dome,Nagasaki Airport,619.29281
Nagoya Dome,Nagasaki Port,629.454485
Nagoya Dome,Miyazaki Airport,656.5359848
Nagoya Dome,Kagoshima Airport,689.7901747
Nagoya Dome,Hakodate Port,908.5763188
Nagoya Dome,New Chitose Airport,1088.562052
Q&A Stadium Miyagi,Sendai Airport,30.40808863
Q&A Stadium Miyagi,Narita Airport,238.2868291
Q&A Stadium Miyagi,Tokyo Port,261.4283914
Q&A Stadium Miyagi,Haneda Airport,277.7069002
Q&A Stadium Miyagi,Yokohama Port,292.3569852
Q&A Stadium Miyagi,Kanazawa Port,393.9622182
Q&A Stadium Miyagi,Hakodate Port,418.8518008
Q&A Stadium Miyagi,Nagoya Port,505.024111
Q&A Stadium Miyagi,Chubu Centrair Airport,512.5081673
Q&A Stadium Miyagi,Osaka Itami Airport,592.0514833
Q&A Stadium Miyagi,New Chitose Airport,598.837534
Q&A Stadium Miyagi,Osaka Port,603.5811342
Q&A Stadium Miyagi,Kobe Port,626.5328465
Q&A Stadium Miyagi,Kobe Airport,631.3831903
Q&A Stadium Miyagi,Kansai Airport,635.8106741
Q&A Stadium Miyagi,Hiroshima Port,792.331953
Q&A Stadium Miyagi,Kochi Port,798.8433857
Q&A Stadium Miyagi,Hakata Port,975.2804694
Q&A Stadium Miyagi,Fukuoka Airport,981.1673107
Q&A Stadium Miyagi,Sasebo Port,1046.13514
Q&A Stadium Miyagi,Kumamoto Airport,1048.390618
Q&A Stadium Miyagi,Nagasaki Airport,1057.546592
Q&A Stadium Miyagi,Nagasaki Port,1067.708266
Q&A Stadium Miyagi,Miyazaki Airport,1099.101656
Q&A Stadium Miyagi,Kagoshima Airport,1128.043956
Koshien Stadium,Osaka Itami Airport,19.02314686
Koshien Stadium,Osaka Port,22.10296655
Koshien Stadium,Kobe Port,37.20516504
Koshien Stadium,Kobe Airport,42.05550889
Koshien Stadium,Kansai Airport,67.59935217
Koshien Stadium,Nagoya Port,133.4939722
Koshien Stadium,Chubu Centrair Airport,151.7007152
Koshien Stadium,Kanazawa Port,220.4290962
Koshien Stadium,Kochi Port,229.2585574
Koshien Stadium,Hiroshima Port,243.5187312
Koshien Stadium,Yokohama Port,352.8660348
Koshien Stadium,Haneda Airport,369.8195912
Koshien Stadium,Tokyo Port,378.2085553
Koshien Stadium,Hakata Port,426.4672476
Koshien Stadium,Narita Airport,429.7443841
Koshien Stadium,Fukuoka Airport,432.3540889
Koshien Stadium,Sasebo Port,497.3219183
Koshien Stadium,Kumamoto Airport,499.5773967
Koshien Stadium,Nagasaki Airport,508.7333697
Koshien Stadium,Nagasaki Port,518.8950447
Koshien Stadium,Miyazaki Airport,529.5168277
Koshien Stadium,Kagoshima Airport,579.2307344
Koshien Stadium,Sendai Airport,599.5655299
Koshien Stadium,Hakodate Port,1001.877063
Koshien Stadium,New Chitose Airport,1181.862796
Yanmar Stadium Nagai,Osaka Port,26.02592484
Yanmar Stadium Nagai,Osaka Itami Airport,32.18749892
Yanmar Stadium Nagai,Kansai Airport,58.11881849
Yanmar Stadium Nagai,Kobe Port,62.3094547
Yanmar Stadium Nagai,Kobe Airport,67.15979855
Yanmar Stadium Nagai,Nagoya Port,143.6562204
Yanmar Stadium Nagai,Chubu Centrair Airport,161.8629635
Yanmar Stadium Nagai,Kanazawa Port,230.5913445
Yanmar Stadium Nagai,Kochi Port,254.2576893
Yanmar Stadium Nagai,Hiroshima Port,259.7012794
Yanmar Stadium Nagai,Yokohama Port,363.028283
Yanmar Stadium Nagai,Haneda Airport,379.9818395
Yanmar Stadium Nagai,Tokyo Port,388.3708036
Yanmar Stadium Nagai,Narita Airport,439.9066324
Yanmar Stadium Nagai,Hakata Port,442.6497958
Yanmar Stadium Nagai,Fukuoka Airport,448.5366371
Yanmar Stadium Nagai,Sasebo Port,513.5044665
Yanmar Stadium Nagai,Kumamoto Airport,515.7599449
Yanmar Stadium Nagai,Nagasaki Airport,524.9159179
Yanmar Stadium Nagai,Nagasaki Port,535.0775928
Yanmar Stadium Nagai,Miyazaki Airport,554.5159595
Yanmar Stadium Nagai,Kagoshima Airport,595.4132825
Yanmar Stadium Nagai,Sendai Airport,609.7277782
Yanmar Stadium Nagai,Hakodate Port,1012.039311
Yanmar Stadium Nagai,New Chitose Airport,1192.025044
Toyota Stadium,Nagoya Port,46.60122377
Toyota Stadium,Chubu Centrair Airport,54.08528001
Toyota Stadium,Osaka Itami Airport,153.0923392
Toyota Stadium,Osaka Port,164.6219902
Toyota Stadium,Kobe Port,188.2965799
Toyota Stadium,Kobe Airport,193.1469238
Toyota Stadium,Kanazawa Port,194.6107878
Toyota Stadium,Kansai Airport,196.8515301
Toyota Stadium,Yokohama Port,215.4552009
Toyota Stadium,Haneda Airport,232.4087573
Toyota Stadium,Tokyo Port,240.7977214
Toyota Stadium,Narita Airport,292.3335502
Toyota Stadium,Hiroshima Port,371.3925005
Toyota Stadium,Kochi Port,373.5920435
Toyota Stadium,Sendai Airport,475.4340997
Toyota Stadium,Hakata Port,554.3410168
Toyota Stadium,Fukuoka Airport,560.2278581
Toyota Stadium,Sasebo Port,625.1956875
Toyota Stadium,Kumamoto Airport,627.4511659
Toyota Stadium,Nagasaki Airport,636.6071389
Toyota Stadium,Nagasaki Port,646.7688139
Toyota Stadium,Miyazaki Airport,673.8503137
Toyota Stadium,Kagoshima Airport,707.1045036
Toyota Stadium,Hakodate Port,882.6577238
Toyota Stadium,New Chitose Airport,1062.643457
Kobe Universiade Memorial,Kobe Port,33.0832545
Kobe Universiade Memorial,Kobe Airport,37.93359835
Kobe Universiade Memorial,Osaka Itami Airport,46.27433469
Kobe Universiade Memorial,Osaka Port,50.42574697
Kobe Universiade Memorial,Kansai Airport,95.92213259
Kobe Universiade Memorial,Nagoya Port,159.4671601
Kobe Universiade Memorial,Chubu Centrair Airport,177.6739031
Kobe Universiade Memorial,Kochi Port,194.6274516
Kobe Universiade Memorial,Hiroshima Port,208.7761161
Kobe Universiade Memorial,Kanazawa Port,232.9596363
Kobe Universiade Memorial,Yokohama Port,378.8392227
Kobe Universiade Memorial,Hakata Port,391.7246324
Kobe Universiade Memorial,Haneda Airport,395.7927792
Kobe Universiade Memorial,Fukuoka Airport,397.6114737
Kobe Universiade Memorial,Tokyo Port,404.1817433
Kobe Universiade Memorial,Narita Airport,455.717572
Kobe Universiade Memorial,Sasebo Port,462.5793031
Kobe Universiade Memorial,Kumamoto Airport,464.8347815
Kobe Universiade Memorial,Nagasaki Airport,473.9907545
Kobe Universiade Memorial,Nagasaki Port,484.1524295
Kobe Universiade Memorial,Miyazaki Airport,494.8857218
Kobe Universiade Memorial,Kagoshima Airport,544.4881192
Kobe Universiade Memorial,Sendai Airport,612.0960699
Kobe Universiade Memorial,Hakodate Port,1014.407603
Kobe Universiade Memorial,New Chitose Airport,1194.393336
Showa Denko Dome,Fukuoka Airport,121.0001488
Showa Denko Dome,Hakata Port,125.3700366
Showa Denko Dome,Kumamoto Airport,133.4018223
Showa Denko Dome,Miyazaki Airport,152.761591
Showa Denko Dome,Sasebo Port,162.6032702
Showa Denko Dome,Nagasaki Airport,174.0147216
Showa Denko Dome,Nagasaki Port,184.1763966
Showa Denko Dome,Kagoshima Airport,221.9346842
Showa Denko Dome,Hiroshima Port,247.7899361
Showa Denko Dome,Kochi Port,306.7686787
Showa Denko Dome,Kobe Port,404.1596546
Showa Denko Dome,Kobe Airport,409.0099985
Showa Denko Dome,Osaka Itami Airport,418.2815705
Showa Denko Dome,Osaka Port,420.4704279
Showa Denko Dome,Kansai Airport,458.9839434
Showa Denko Dome,Nagoya Port,531.474396
Showa Denko Dome,Chubu Centrair Airport,549.681139
Showa Denko Dome,Kanazawa Port,604.9668721
Showa Denko Dome,Yokohama Port,750.8464586
Showa Denko Dome,Haneda Airport,767.800015
Showa Denko Dome,Tokyo Port,776.1889791
Showa Denko Dome,Narita Airport,827.7248079
Showa Denko Dome,Sendai Airport,984.1033058
Showa Denko Dome,Hakodate Port,1386.414839
Showa Denko Dome,New Chitose Airport,1566.400572
Denka Big Swan Stadium,Sendai Airport,191.9639701
Denka Big Swan Stadium,Kanazawa Port,212.0199841
Denka Big Swan Stadium,Tokyo Port,262.531743
Denka Big Swan Stadium,Narita Airport,272.048834
Denka Big Swan Stadium,Haneda Airport,274.3403802
Denka Big Swan Stadium,Yokohama Port,274.3740369
Denka Big Swan Stadium,Nagoya Port,346.4066751
Denka Big Swan Stadium,Chubu Centrair Airport,360.9302635
Denka Big Swan Stadium,Osaka Itami Airport,410.1092492
Denka Big Swan Stadium,Osaka Port,421.6389002
Denka Big Swan Stadium,Kobe Port,444.5906124
Denka Big Swan Stadium,Kobe Airport,449.4409563
Denka Big Swan Stadium,Kansai Airport,453.8684401
Denka Big Swan Stadium,Hakodate Port,594.275503
Denka Big Swan Stadium,Hiroshima Port,610.389719
Denka Big Swan Stadium,Kochi Port,616.9011517
Denka Big Swan Stadium,New Chitose Airport,774.2612363
Denka Big Swan Stadium,Hakata Port,793.3382354
Denka Big Swan Stadium,Fukuoka Airport,799.2250767
Denka Big Swan Stadium,Sasebo Port,864.1929061
Denka Big Swan Stadium,Kumamoto Airport,866.4483845
Denka Big Swan Stadium,Nagasaki Airport,875.6043575
Denka Big Swan Stadium,Nagasaki Port,885.7660324
Denka Big Swan Stadium,Miyazaki Airport,917.1594219
Denka Big Swan Stadium,Kagoshima Airport,946.1017221
Kashima Football Stadium,Narita Airport,39.56229082
Kashima Football Stadium,Tokyo Port,87.0409884
Kashima Football Stadium,Haneda Airport,103.3194971
Kashima Football Stadium,Yokohama Port,117.9695822
Kashima Football Stadium,Sendai Airport,227.768702
Kashima Football Stadium,Nagoya Port,345.4828689
Kashima Football Stadium,Chubu Centrair Airport,352.9669251
Kashima Football Stadium,Kanazawa Port,412.1999897
Kashima Football Stadium,Osaka Itami Airport,451.9739843
Kashima Football Stadium,Osaka Port,463.5036353
Kashima Football Stadium,Kobe Port,487.178225
Kashima Football Stadium,Kobe Airport,492.0285689
Kashima Football Stadium,Kansai Airport,495.7331752
Kashima Football Stadium,Hakodate Port,653.5665821
Kashima Football Stadium,Hiroshima Port,670.2741456
Kashima Football Stadium,Kochi Port,672.4736886
Kashima Football Stadium,New Chitose Airport,833.5523153
Kashima Football Stadium,Hakata Port,853.222662
Kashima Football Stadium,Fukuoka Airport,859.1095033
Kashima Football Stadium,Sasebo Port,924.0773327
Kashima Football Stadium,Kumamoto Airport,926.3328111
Kashima Football Stadium,Nagasaki Airport,935.4887841
Kashima Football Stadium,Nagasaki Port,945.650459
Kashima Football Stadium,Miyazaki Airport,972.7319589
Kashima Football Stadium,Kagoshima Airport,1005.986149
Edion Stadium,Hiroshima Port,31.21075821
Edion Stadium,Hakata Port,195.4487681
Edion Stadium,Fukuoka Airport,201.3356094
Edion Stadium,Kochi Port,222.8825378
Edion Stadium,Osaka Itami Airport,227.8407193
Edion Stadium,Kobe Port,230.4392929
Edion Stadium,Kobe Airport,235.2896368
Edion Stadium,Osaka Port,246.7500662
Edion Stadium,Sasebo Port,266.3034388
Edion Stadium,Kumamoto Airport,268.5589172
Edion Stadium,Nagasaki Airport,277.7148902
Edion Stadium,Nagasaki Port,287.8765652
Edion Stadium,Kansai Airport,292.2464518
Edion Stadium,Nagoya Port,341.0335448
Edion Stadium,Kagoshima Airport,348.2122549
Edion Stadium,Chubu Centrair Airport,359.2402878
Edion Stadium,Miyazaki Airport,373.4645882
Edion Stadium,Kanazawa Port,409.9599942
Edion Stadium,Yokohama Port,560.4056074
Edion Stadium,Haneda Airport,577.3591638
Edion Stadium,Tokyo Port,585.7481279
Edion Stadium,Narita Airport,637.2839567
Edion Stadium,Sendai Airport,789.0964279
Edion Stadium,Hakodate Port,1191.407961
Edion Stadium,New Chitose Airport,1371.393694
Noevir Stadium,Kobe Port,23.19031939
Noevir Stadium,Kobe Airport,28.04066324
Noevir Stadium,Osaka Port,39.81303571
Noevir Stadium,Osaka Itami Airport,44.16546864
Noevir Stadium,Kansai Airport,85.30942133
Noevir Stadium,Nagoya Port,158.636294
Noevir Stadium,Chubu Centrair Airport,176.843037
Noevir Stadium,Kochi Port,204.4467853
Noevir Stadium,Hiroshima Port,218.7069591
Noevir Stadium,Kanazawa Port,245.571418
Noevir Stadium,Yokohama Port,378.0083566
Noevir Stadium,Haneda Airport,394.961913
Noevir Stadium,Hakata Port,401.6554755
Noevir Stadium,Tokyo Port,403.3508771
Noevir Stadium,Fukuoka Airport,407.5423168
Noevir Stadium,Narita Airport,454.8867059
Noevir Stadium,Sasebo Port,472.5101462
Noevir Stadium,Kumamoto Airport,474.7656245
Noevir Stadium,Nagasaki Airport,483.9215976
Noevir Stadium,Nagasaki Port,494.0832725
Noevir Stadium,Miyazaki Airport,504.7050556
Noevir Stadium,Kagoshima Airport,554.4189622
Noevir Stadium,Sendai Airport,624.7078517
Noevir Stadium,Hakodate Port,1027.019385
Noevir Stadium,New Chitose Airport,1207.005118
Belluna Dome,Tokyo Port,89.11565031
Belluna Dome,Yokohama Port,93.5252412
Belluna Dome,Haneda Airport,97.93393872
Belluna Dome,Narita Airport,108.1866315
Belluna Dome,Sendai Airport,271.0354606
Belluna Dome,Nagoya Port,273.0067515
Belluna Dome,Chubu Centrair Airport,280.4908077
Belluna Dome,Kanazawa Port,332.3682128
Belluna Dome,Osaka Itami Airport,379.4978669
Belluna Dome,Osaka Port,391.0275179
Belluna Dome,Kobe Port,414.7021076
Belluna Dome,Kobe Airport,419.5524515
Belluna Dome,Kansai Airport,423.2570578
Belluna Dome,Hiroshima Port,597.7980282
Belluna Dome,Kochi Port,599.9975712
Belluna Dome,Hakodate Port,679.4502373
Belluna Dome,Hakata Port,780.7465445
Belluna Dome,Fukuoka Airport,786.6333858
Belluna Dome,Sasebo Port,851.6012152
Belluna Dome,Kumamoto Airport,853.8566936
Belluna Dome,New Chitose Airport,859.4359705
Belluna Dome,Nagasaki Airport,863.0126666
Belluna Dome,Nagasaki Port,873.1743416
Belluna Dome,Miyazaki Airport,900.2558414
Belluna Dome,Kagoshima Airport,933.5100313
Mazda Stadium,Hiroshima Port,15.77570575
Mazda Stadium,Hakata Port,204.4175272
Mazda Stadium,Fukuoka Airport,210.3043686
Mazda Stadium,Kochi Port,220.450129
Mazda Stadium,Osaka Itami Airport,225.4083104
Mazda Stadium,Kobe Port,228.006884
Mazda Stadium,Kobe Airport,232.8572279
Mazda Stadium,Osaka Port,244.3176573
Mazda Stadium,Sasebo Port,275.272198
Mazda Stadium,Kumamoto Airport,277.5276763
Mazda Stadium,Nagasaki Airport,286.6836494
Mazda Stadium,Kansai Airport,289.8140429
Mazda Stadium,Nagasaki Port,296.8453243
Mazda Stadium,Nagoya Port,338.6011359
Mazda Stadium,Chubu Centrair Airport,356.8078789
Mazda Stadium,Kagoshima Airport,357.181014
Mazda Stadium,Miyazaki Airport,382.4333473
Mazda Stadium,Kanazawa Port,407.5275853
Mazda Stadium,Yokohama Port,557.9731985
Mazda Stadium,Haneda Airport,574.9267549
Mazda Stadium,Tokyo Port,583.315719
Mazda Stadium,Narita Airport,634.8515478
Mazda Stadium,Sendai Airport,786.664019
Mazda Stadium,Hakodate Port,1188.975552
Mazda Stadium,New Chitose Airport,1368.961285
Todoroki Athletics Stadium,Yokohama Port,29.22197481
Todoroki Athletics Stadium,Tokyo Port,41.01349285
Todoroki Athletics Stadium,Haneda Airport,43.67396342
Todoroki Athletics Stadium,Narita Airport,92.65736912
Todoroki Athletics Stadium,Nagoya Port,249.2055345
Todoroki Athletics Stadium,Chubu Centrair Airport,256.6895908
Todoroki Athletics Stadium,Sendai Airport,275.5323022
Todoroki Athletics Stadium,Osaka Itami Airport,355.69665
Todoroki Athletics Stadium,Osaka Port,367.2263009
Todoroki Athletics Stadium,Kanazawa Port,379.7780201
Todoroki Athletics Stadium,Kobe Port,390.9008907
Todoroki Athletics Stadium,Kobe Airport,395.7512345
Todoroki Athletics Stadium,Kansai Airport,399.4558408
Todoroki Athletics Stadium,Hiroshima Port,573.9968112
Todoroki Athletics Stadium,Kochi Port,576.1963542
Todoroki Athletics Stadium,Hakodate Port,701.3301823
Todoroki Athletics Stadium,Hakata Port,756.9453276
Todoroki Athletics Stadium,Fukuoka Airport,762.8321689
Todoroki Athletics Stadium,Sasebo Port,827.7999983
Todoroki Athletics Stadium,Kumamoto Airport,830.0554767
Todoroki Athletics Stadium,Nagasaki Airport,839.2114497
Todoroki Athletics Stadium,Nagasaki Port,849.3731246
Todoroki Athletics Stadium,Miyazaki Airport,876.4546245
Todoroki Athletics Stadium,New Chitose Airport,881.3159155
Todoroki Athletics Stadium,Kagoshima Airport,909.7088143
Hanazono Rugby Stadium,Osaka Port,29.67198691
Hanazono Rugby Stadium,Osaka Itami Airport,35.49917036
Hanazono Rugby Stadium,Kansai Airport,62.07297458
Hanazono Rugby Stadium,Kobe Port,65.95551677
Hanazono Rugby Stadium,Kobe Airport,70.80586063
Hanazono Rugby Stadium,Nagoya Port,128.0276625
Hanazono Rugby Stadium,Chubu Centrair Airport,146.2344055
Hanazono Rugby Stadium,Kanazawa Port,214.9627865
Hanazono Rugby Stadium,Hiroshima Port,255.0069809
Hanazono Rugby Stadium,Kochi Port,256.9322013
Hanazono Rugby Stadium,Yokohama Port,347.399725
Hanazono Rugby Stadium,Haneda Airport,364.3532815
Hanazono Rugby Stadium,Tokyo Port,372.7422456
Hanazono Rugby Stadium,Narita Airport,424.2780744
Hanazono Rugby Stadium,Hakata Port,437.9554972
Hanazono Rugby Stadium,Fukuoka Airport,443.8423385
Hanazono Rugby Stadium,Sasebo Port,508.8101679
Hanazono Rugby Stadium,Kumamoto Airport,511.0656463
Hanazono Rugby Stadium,Nagasaki Airport,520.2216193
Hanazono Rugby Stadium,Nagasaki Port,530.3832943
Hanazono Rugby Stadium,Miyazaki Airport,557.1904716
Hanazono Rugby Stadium,Kagoshima Airport,590.718984
Hanazono Rugby Stadium,Sendai Airport,594.0992202
Hanazono Rugby Stadium,Hakodate Port,996.4107531
Hanazono Rugby Stadium,New Chitose Airport,1176.396486
Gifu Nagaragawa Stadium,Nagoya Port,73.66908899
Gifu Nagaragawa Stadium,Chubu Centrair Airport,89.53323832
Gifu Nagaragawa Stadium,Osaka Itami Airport,144.6845295
Gifu Nagaragawa Stadium,Osaka Port,156.2141805
Gifu Nagaragawa Stadium,Kanazawa Port,161.7296369
Gifu Nagaragawa Stadium,Kobe Port,179.8887702
Gifu Nagaragawa Stadium,Kobe Airport,184.7391141
Gifu Nagaragawa Stadium,Kansai Airport,188.4437204
Gifu Nagaragawa Stadium,Yokohama Port,283.8601637
Gifu Nagaragawa Stadium,Haneda Airport,300.8137202
Gifu Nagaragawa Stadium,Tokyo Port,309.2026843
Gifu Nagaragawa Stadium,Narita Airport,360.7385131
Gifu Nagaragawa Stadium,Hiroshima Port,362.9846908
Gifu Nagaragawa Stadium,Kochi Port,365.1842338
Gifu Nagaragawa Stadium,Sendai Airport,504.4439152
Gifu Nagaragawa Stadium,Hakata Port,545.9332071
Gifu Nagaragawa Stadium,Fukuoka Airport,551.8200484
Gifu Nagaragawa Stadium,Sasebo Port,616.7878778
Gifu Nagaragawa Stadium,Kumamoto Airport,619.0433562
Gifu Nagaragawa Stadium,Nagasaki Airport,628.1993292
Gifu Nagaragawa Stadium,Nagasaki Port,638.3610042
Gifu Nagaragawa Stadium,Miyazaki Airport,665.442504
Gifu Nagaragawa Stadium,Kagoshima Airport,698.6966939
Gifu Nagaragawa Stadium,Hakodate Port,906.7554481
Gifu Nagaragawa Stadium,New Chitose Airport,1086.741181
Toyama Athletics Stadium,Kanazawa Port,53.38220335
Toyama Athletics Stadium,Nagoya Port,195.4693624
Toyama Athletics Stadium,Chubu Centrair Airport,211.3335117
Toyama Athletics Stadium,Osaka Itami Airport,251.4714684
Toyama Athletics Stadium,Osaka Port,263.0011194
Toyama Athletics Stadium,Kobe Port,285.9528316
Toyama Athletics Stadium,Kobe Airport,290.8031755
Toyama Athletics Stadium,Kansai Airport,295.2306593
Toyama Athletics Stadium,Tokyo Port,330.6405118
Toyama Athletics Stadium,Haneda Airport,342.449149
Toyama Athletics Stadium,Yokohama Port,342.4828057
Toyama Athletics Stadium,Narita Airport,349.711493
Toyama Athletics Stadium,Sendai Airport,355.3640445
Toyama Athletics Stadium,Hiroshima Port,451.7519382
Toyama Athletics Stadium,Kochi Port,458.2633709
Toyama Athletics Stadium,Hakata Port,634.7004546
Toyama Athletics Stadium,Fukuoka Airport,640.5872959
Toyama Athletics Stadium,Sasebo Port,705.5551253
Toyama Athletics Stadium,Kumamoto Airport,707.8106037
Toyama Athletics Stadium,Nagasaki Airport,716.9665767
Toyama Athletics Stadium,Nagasaki Port,727.1282516
Toyama Athletics Stadium,Hakodate Port,757.6755774
Toyama Athletics Stadium,Miyazaki Airport,758.5216411
Toyama Athletics Stadium,Kagoshima Airport,787.4639413
Toyama Athletics Stadium,New Chitose Airport,937.6613106
Kanseki Stadium,Narita Airport,108.0458406
Kanseki Stadium,Tokyo Port,118.8235777
Kanseki Stadium,Haneda Airport,135.1020864
Kanseki Stadium,Yokohama Port,149.7521715
Kanseki Stadium,Sendai Airport,189.9230612
Kanseki Stadium,Kanazawa Port,331.5284974
Kanseki Stadium,Nagoya Port,340.6274806
Kanseki Stadium,Chubu Centrair Airport,348.1115368
Kanseki Stadium,Osaka Itami Airport,447.118596
Kanseki Stadium,Osaka Port,458.648247
Kanseki Stadium,Kobe Port,482.3228367
Kanseki Stadium,Kobe Airport,487.1731806
Kanseki Stadium,Kansai Airport,490.8777869
Kanseki Stadium,Hakodate Port,592.2345941
Kanseki Stadium,Hiroshima Port,665.4187573
Kanseki Stadium,Kochi Port,667.6183003
Kanseki Stadium,New Chitose Airport,772.2203273
Kanseki Stadium,Hakata Port,848.3672736
Kanseki Stadium,Fukuoka Airport,854.2541149
Kanseki Stadium,Sasebo Port,919.2219443
Kanseki Stadium,Kumamoto Airport,921.4774227
Kanseki Stadium,Nagasaki Airport,930.6333957
Kanseki Stadium,Nagasaki Port,940.7950707
Kanseki Stadium,Miyazaki Airport,967.8765705
Kanseki Stadium,Kagoshima Airport,1001.13076
Kochi Haruno Stadium,Kochi Port,19.23945366
Kochi Haruno Stadium,Kobe Port,221.4806369
Kochi Haruno Stadium,Kobe Airport,226.3309808
Kochi Haruno Stadium,Hiroshima Port,228.2420734
Kochi Haruno Stadium,Osaka Itami Airport,235.6025529
Kochi Haruno Stadium,Osaka Port,237.7914102
Kochi Haruno Stadium,Kansai Airport,276.3049257
Kochi Haruno Stadium,Nagoya Port,348.7953783
Kochi Haruno Stadium,Chubu Centrair Airport,367.0021213
Kochi Haruno Stadium,Hakata Port,411.1905898
Kochi Haruno Stadium,Fukuoka Airport,417.0774311
Kochi Haruno Stadium,Kumamoto Airport,421.9477573
Kochi Haruno Stadium,Kanazawa Port,422.2878544
Kochi Haruno Stadium,Miyazaki Airport,424.2341007
Kochi Haruno Stadium,Sasebo Port,460.4485464
Kochi Haruno Stadium,Nagasaki Airport,471.8599978
Kochi Haruno Stadium,Nagasaki Port,482.0216728
Kochi Haruno Stadium,Kagoshima Airport,493.4071939
Kochi Haruno Stadium,Yokohama Port,568.1674409
Kochi Haruno Stadium,Haneda Airport,585.1209973
Kochi Haruno Stadium,Tokyo Port,593.5099614
Kochi Haruno Stadium,Narita Airport,645.0457902
Kochi Haruno Stadium,Sendai Airport,801.4242881
Kochi Haruno Stadium,Hakodate Port,1203.735821
Kochi Haruno Stadium,New Chitose Airport,1383.721554
Matsumoto Daira Stadium,Nagoya Port,184.5890024
Matsumoto Daira Stadium,Yokohama Port,188.1285135
Matsumoto Daira Stadium,Chubu Centrair Airport,199.1125908
Matsumoto Daira Stadium,Tokyo Port,203.8854646
Matsumoto Daira Stadium,Haneda Airport,205.0820699
Matsumoto Daira Stadium,Kanazawa Port,225.6417903
Matsumoto Daira Stadium,Narita Airport,249.9784567
Matsumoto Daira Stadium,Osaka Itami Airport,284.4841825
Matsumoto Daira Stadium,Osaka Port,296.0138334
Matsumoto Daira Stadium,Kobe Port,319.6884232
Matsumoto Daira Stadium,Kobe Airport,324.538767
Matsumoto Daira Stadium,Kansai Airport,328.2433733
Matsumoto Daira Stadium,Sendai Airport,363.5303773
Matsumoto Daira Stadium,Hiroshima Port,502.7843437
Matsumoto Daira Stadium,Kochi Port,504.9838867
Matsumoto Daira Stadium,Hakata Port,685.7328601
Matsumoto Daira Stadium,Fukuoka Airport,691.6197014
Matsumoto Daira Stadium,Sasebo Port,756.5875308
Matsumoto Daira Stadium,Kumamoto Airport,758.8430092
Matsumoto Daira Stadium,Hakodate Port,765.8419102
Matsumoto Daira Stadium,Nagasaki Airport,767.9989822
Matsumoto Daira Stadium,Nagasaki Port,778.1606571
Matsumoto Daira Stadium,Miyazaki Airport,805.242157
Matsumoto Daira Stadium,Kagoshima Airport,838.4963468
Matsumoto Daira Stadium,New Chitose Airport,945.8276435
Chichibunomiya Rugby,Tokyo Port,22.77004597
Chichibunomiya Rugby,Haneda Airport,34.31115085
Chichibunomiya Rugby,Yokohama Port,45.66141215
Chichibunomiya Rugby,Narita Airport,71.22664203
Chichibunomiya Rugby,Sendai Airport,252.9497158
Chichibunomiya Rugby,Nagoya Port,254.1224604
Chichibunomiya Rugby,Chubu Centrair Airport,261.6065166
Chichibunomiya Rugby,Osaka Itami Airport,360.6135758
Chichibunomiya Rugby,Kanazawa Port,362.7384368
Chichibunomiya Rugby,Osaka Port,372.1432268
Chichibunomiya Rugby,Kobe Port,395.8178165
Chichibunomiya Rugby,Kobe Airport,400.6681604
Chichibunomiya Rugby,Kansai Airport,404.3727667
Chichibunomiya Rugby,Hiroshima Port,578.9137371
Chichibunomiya Rugby,Kochi Port,581.1132801
Chichibunomiya Rugby,Hakodate Port,678.7475959
Chichibunomiya Rugby,Hakata Port,761.8622534
Chichibunomiya Rugby,Fukuoka Airport,767.7490947
Chichibunomiya Rugby,Sasebo Port,832.7169241
Chichibunomiya Rugby,Kumamoto Airport,834.9724025
Chichibunomiya Rugby,Nagasaki Airport,844.1283755
Chichibunomiya Rugby,Nagasaki Port,854.2900505
Chichibunomiya Rugby,New Chitose Airport,858.7333291
Chichibunomiya Rugby,Miyazaki Airport,881.3715503
Chichibunomiya Rugby,Kagoshima Airport,914.6257402
Ekimae Stadium,Fukuoka Airport,30.78979444
Ekimae Stadium,Hakata Port,35.15968225
Ekimae Stadium,Sasebo Port,70.98510949
Ekimae Stadium,Kumamoto Airport,75.3697993
Ekimae Stadium,Nagasaki Airport,82.3965609
Ekimae Stadium,Nagasaki Port,92.55823585
Ekimae Stadium,Kagoshima Airport,155.023137
Ekimae Stadium,Miyazaki Airport,188.0716548
Ekimae Stadium,Hiroshima Port,224.8427882
Ekimae Stadium,Kochi Port,401.0527358
Ekimae Stadium,Osaka Itami Airport,428.0428978
Ekimae Stadium,Kobe Port,430.6414714
Ekimae Stadium,Kobe Airport,435.4918152
Ekimae Stadium,Osaka Port,446.9522446
Ekimae Stadium,Kansai Airport,492.4486303
Ekimae Stadium,Nagoya Port,541.2357232
Ekimae Stadium,Chubu Centrair Airport,559.4424663
Ekimae Stadium,Kanazawa Port,610.1621727
Ekimae Stadium,Yokohama Port,760.6077858
Ekimae Stadium,Haneda Airport,777.5613423
Ekimae Stadium,Tokyo Port,785.9503064
Ekimae Stadium,Narita Airport,837.4861352
Ekimae Stadium,Sendai Airport,989.2986063
Ekimae Stadium,Hakodate Port,1391.610139
Ekimae Stadium,New Chitose Airport,1571.595872
Matsue Athletics Stadium,Hiroshima Port,151.010437
Matsue Athletics Stadium,Osaka Itami Airport,197.8720838
Matsue Athletics Stadium,Kobe Port,211.5476341
Matsue Athletics Stadium,Kobe Airport,216.397978
Matsue Athletics Stadium,Osaka Port,223.0713514
Matsue Athletics Stadium,Kochi Port,243.8987837
Matsue Athletics Stadium,Kansai Airport,264.3743128
Matsue Athletics Stadium,Nagoya Port,311.007231
Matsue Athletics Stadium,Hakata Port,311.5125727
Matsue Athletics Stadium,Fukuoka Airport,317.3994141
Matsue Athletics Stadium,Chubu Centrair Airport,329.213974
Matsue Athletics Stadium,Kanazawa Port,373.7029141
Matsue Athletics Stadium,Sasebo Port,382.3672435
Matsue Athletics Stadium,Kumamoto Airport,384.6227218
Matsue Athletics Stadium,Nagasaki Airport,393.7786949
Matsue Athletics Stadium,Nagasaki Port,403.9403698
Matsue Athletics Stadium,Kagoshima Airport,464.2760595
Matsue Athletics Stadium,Miyazaki Airport,489.5283928
Matsue Athletics Stadium,Yokohama Port,530.3792936
Matsue Athletics Stadium,Haneda Airport,547.33285
Matsue Athletics Stadium,Tokyo Port,555.7218141
Matsue Athletics Stadium,Narita Airport,607.2576429
Matsue Athletics Stadium,Sendai Airport,752.8393478
Matsue Athletics Stadium,Hakodate Port,1155.150881
Matsue Athletics Stadium,New Chitose Airport,1335.136614
Akita Prefectural Stadium,Sendai Airport,196.1205164
Akita Prefectural Stadium,Hakodate Port,340.9404317
Akita Prefectural Stadium,Narita Airport,403.999257
Akita Prefectural Stadium,Tokyo Port,427.1408192
Akita Prefectural Stadium,Haneda Airport,443.419328
Akita Prefectural Stadium,Yokohama Port,458.069413
Akita Prefectural Stadium,Kanazawa Port,481.718948
Akita Prefectural Stadium,New Chitose Airport,531.9118188
Akita Prefectural Stadium,Nagoya Port,616.105639
Akita Prefectural Stadium,Chubu Centrair Airport,630.6292274
Akita Prefectural Stadium,Osaka Itami Airport,679.8082131
Akita Prefectural Stadium,Osaka Port,691.337864
Akita Prefectural Stadium,Kobe Port,714.2895763
Akita Prefectural Stadium,Kobe Airport,719.1399201
Akita Prefectural Stadium,Kansai Airport,723.5674039
Akita Prefectural Stadium,Hiroshima Port,880.0886829
Akita Prefectural Stadium,Kochi Port,886.6001155
Akita Prefectural Stadium,Hakata Port,1063.037199
Akita Prefectural Stadium,Fukuoka Airport,1068.924041
Akita Prefectural Stadium,Sasebo Port,1133.89187
Akita Prefectural Stadium,Kumamoto Airport,1136.147348
Akita Prefectural Stadium,Nagasaki Airport,1145.303321
Akita Prefectural Stadium,Nagasaki Port,1155.464996
Akita Prefectural Stadium,Miyazaki Airport,1186.858386
Akita Prefectural Stadium,Kagoshima Airport,1215.800686
Fukui Prefectural Stadium,Kanazawa Port,78.32437314
Fukui Prefectural Stadium,Nagoya Port,152.5877502
Fukui Prefectural Stadium,Chubu Centrair Airport,168.4518995
Fukui Prefectural Stadium,Osaka Itami Airport,172.2689486
Fukui Prefectural Stadium,Osaka Port,183.7985996
Fukui Prefectural Stadium,Kobe Port,206.7503118
Fukui Prefectural Stadium,Kobe Airport,211.6006557
Fukui Prefectural Stadium,Kansai Airport,216.0281395
Fukui Prefectural Stadium,Yokohama Port,366.910226
Fukui Prefectural Stadium,Hiroshima Port,372.5494184
Fukui Prefectural Stadium,Kochi Port,379.0608511
Fukui Prefectural Stadium,Haneda Airport,383.8637824
Fukui Prefectural Stadium,Tokyo Port,392.2527465
Fukui Prefectural Stadium,Narita Airport,443.7885753
Fukui Prefectural Stadium,Sendai Airport,457.4608068
Fukui Prefectural Stadium,Hakata Port,555.4979348
Fukui Prefectural Stadium,Fukuoka Airport,561.3847761
Fukui Prefectural Stadium,Sasebo Port,626.3526055
Fukui Prefectural Stadium,Kumamoto Airport,628.6080839
Fukui Prefectural Stadium,Nagasaki Airport,637.7640569
Fukui Prefectural Stadium,Nagasaki Port,647.9257319
Fukui Prefectural Stadium,Miyazaki Airport,679.3191214
Fukui Prefectural Stadium,Kagoshima Airport,708.2614216
Fukui Prefectural Stadium,Hakodate Port,859.7723397
Fukui Prefectural Stadium,New Chitose Airport,1039.758073
Kitakami Stadium,Sendai Airport,108.2988957
Kitakami Stadium,Narita Airport,316.1776362
Kitakami Stadium,Tokyo Port,339.3191985
Kitakami Stadium,Hakodate Port,342.3775586
Kitakami Stadium,Haneda Airport,355.5977073
Kitakami Stadium,Yokohama Port,370.2477923
Kitakami Stadium,Kanazawa Port,463.0835093
Kitakami Stadium,New Chitose Airport,522.3632919
Kitakami Stadium,Nagoya Port,574.1454021
Kitakami Stadium,Chubu Centrair Airport,581.6294584
Kitakami Stadium,Osaka Itami Airport,661.1727744
Kitakami Stadium,Osaka Port,672.7024253
Kitakami Stadium,Kobe Port,695.6541376
Kitakami Stadium,Kobe Airport,700.5044814
Kitakami Stadium,Kansai Airport,704.9319652
Kitakami Stadium,Hiroshima Port,861.4532442
Kitakami Stadium,Kochi Port,867.9646768
Kitakami Stadium,Hakata Port,1044.401761
Kitakami Stadium,Fukuoka Airport,1050.288602
Kitakami Stadium,Sasebo Port,1115.256431
Kitakami Stadium,Kumamoto Airport,1117.51191
Kitakami Stadium,Nagasaki Airport,1126.667883
Kitakami Stadium,Nagasaki Port,1136.829558
Kitakami Stadium,Miyazaki Airport,1168.222947
Kitakami Stadium,Kagoshima Airport,1197.165247
Best Denki Stadium,Fukuoka Airport,10.13701506
Best Denki Stadium,Hakata Port,14.50690287
Best Denki Stadium,Sasebo Port,86.0228399
Best Denki Stadium,Kumamoto Airport,88.27831829
Best Denki Stadium,Nagasaki Airport,97.43429131
Best Denki Stadium,Nagasaki Port,107.5959663
Best Denki Stadium,Kagoshima Airport,167.931656
Best Denki Stadium,Miyazaki Airport,200.9801738
Best Denki Stadium,Hiroshima Port,216.1169841
Best Denki Stadium,Kochi Port,414.1258132
Best Denki Stadium,Osaka Itami Airport,419.3170937
Best Denki Stadium,Kobe Port,421.9156672
Best Denki Stadium,Kobe Airport,426.7660111
Best Denki Stadium,Osaka Port,438.2264405
Best Denki Stadium,Kansai Airport,483.7228261
Best Denki Stadium,Nagoya Port,532.5099191
Best Denki Stadium,Chubu Centrair Airport,550.7166621
Best Denki Stadium,Kanazawa Port,601.4363686
Best Denki Stadium,Yokohama Port,751.8819817
Best Denki Stadium,Haneda Airport,768.8355381
Best Denki Stadium,Tokyo Port,777.2245022
Best Denki Stadium,Narita Airport,828.760331
Best Denki Stadium,Sendai Airport,980.5728022
Best Denki Stadium,Hakodate Port,1382.884335
Best Denki Stadium,New Chitose Airport,1562.870068
ND Soft Stadium,Sendai Airport,68.55973383
ND Soft Stadium,Narita Airport,274.1545693
ND Soft Stadium,Tokyo Port,288.9815564
ND Soft Stadium,Haneda Airport,305.2600651
ND Soft Stadium,Yokohama Port,319.9101502
ND Soft Stadium,Kanazawa Port,392.7249493
ND Soft Stadium,Hakodate Port,470.8712667
ND Soft Stadium,Nagoya Port,510.7854593
ND Soft Stadium,Chubu Centrair Airport,518.2695155
ND Soft Stadium,Osaka Itami Airport,590.8142144
ND Soft Stadium,Osaka Port,602.3438653
ND Soft Stadium,Kobe Port,625.2955776
ND Soft Stadium,Kobe Airport,630.1459214
ND Soft Stadium,Kansai Airport,634.5734052
ND Soft Stadium,New Chitose Airport,650.857
ND Soft Stadium,Hiroshima Port,791.0946841
ND Soft Stadium,Kochi Port,797.6061168
ND Soft Stadium,Hakata Port,974.0432005
ND Soft Stadium,Fukuoka Airport,979.9300418
ND Soft Stadium,Sasebo Port,1044.897871
ND Soft Stadium,Kumamoto Airport,1047.15335
ND Soft Stadium,Nagasaki Airport,1056.309323
ND Soft Stadium,Nagasaki Port,1066.470998
ND Soft Stadium,Miyazaki Airport,1097.864387
ND Soft Stadium,Kagoshima Airport,1126.806687
Kamoike Ballpark,Kagoshima Airport,40.76256021
Kamoike Ballpark,Miyazaki Airport,118.432908
Kamoike Ballpark,Kumamoto Airport,141.6590311
Kamoike Ballpark,Fukuoka Airport,205.3620004
Kamoike Ballpark,Hakata Port,209.7318882
Kamoike Ballpark,Sasebo Port,247.0927769
Kamoike Ballpark,Nagasaki Airport,258.5042283
Kamoike Ballpark,Nagasaki Port,264.0120451
Kamoike Ballpark,Hiroshima Port,399.4149942
Kamoike Ballpark,Kochi Port,524.8761797
Kamoike Ballpark,Osaka Itami Airport,602.6151038
Kamoike Ballpark,Kobe Port,605.2136774
Kamoike Ballpark,Kobe Airport,610.0640212
Kamoike Ballpark,Osaka Port,621.5244506
Kamoike Ballpark,Kansai Airport,667.0208363
Kamoike Ballpark,Nagoya Port,715.8079292
Kamoike Ballpark,Chubu Centrair Airport,734.0146722
Kamoike Ballpark,Kanazawa Port,784.7343787
Kamoike Ballpark,Yokohama Port,935.1799918
Kamoike Ballpark,Haneda Airport,952.1335483
Kamoike Ballpark,Tokyo Port,960.5225124
Kamoike Ballpark,Narita Airport,1012.058341
Kamoike Ballpark,Sendai Airport,1163.870812
Kamoike Ballpark,Hakodate Port,1566.182345
Kamoike Ballpark,New Chitose Airport,1746.168078
Toho Stadium,Sendai Airport,82.15300372
Toho Stadium,Narita Airport,208.427069
Toho Stadium,Tokyo Port,223.254056
Toho Stadium,Haneda Airport,239.5325648
Toho Stadium,Yokohama Port,254.1826498
Toho Stadium,Kanazawa Port,333.9960661
Toho Stadium,Nagoya Port,445.0579589
Toho Stadium,Chubu Centrair Airport,452.5420152
Toho Stadium,Hakodate Port,484.4645366
Toho Stadium,Osaka Itami Airport,532.0853311
Toho Stadium,Osaka Port,543.6149821
Toho Stadium,Kobe Port,566.5666943
Toho Stadium,Kobe Airport,571.4170382
Toho Stadium,Kansai Airport,575.844522
Toho Stadium,New Chitose Airport,664.4502699
Toho Stadium,Hiroshima Port,732.3658009
Toho Stadium,Kochi Port,738.8772336
Toho Stadium,Hakata Port,915.3143173
Toho Stadium,Fukuoka Airport,921.2011586
Toho Stadium,Sasebo Port,986.168988
Toho Stadium,Kumamoto Airport,988.4244664
Toho Stadium,Nagasaki Airport,997.5804394
Toho Stadium,Nagasaki Port,1007.742114
Toho Stadium,Miyazaki Airport,1039.135504
Toho Stadium,Kagoshima Airport,1068.077804
Sapparo Atsubetsu,New Chitose Airport,35.18466729
Sapparo Atsubetsu,Hakodate Port,216.8865189
Sapparo Atsubetsu,Sendai Airport,642.5995098
Sapparo Atsubetsu,Narita Airport,850.4782503
Sapparo Atsubetsu,Tokyo Port,873.6198126
Sapparo Atsubetsu,Haneda Airport,889.8983213
Sapparo Atsubetsu,Yokohama Port,904.5484064
Sapparo Atsubetsu,Kanazawa Port,997.3841233
Sapparo Atsubetsu,Nagoya Port,1108.446016
Sapparo Atsubetsu,Chubu Centrair Airport,1115.930072
Sapparo Atsubetsu,Osaka Itami Airport,1195.473388
Sapparo Atsubetsu,Osaka Port,1207.003039
Sapparo Atsubetsu,Kobe Port,1229.954752
Sapparo Atsubetsu,Kobe Airport,1234.805095
Sapparo Atsubetsu,Kansai Airport,1239.232579
Sapparo Atsubetsu,Hiroshima Port,1395.753858
Sapparo Atsubetsu,Kochi Port,1402.265291
Sapparo Atsubetsu,Hakata Port,1578.702375
Sapparo Atsubetsu,Fukuoka Airport,1584.589216
Sapparo Atsubetsu,Sasebo Port,1649.557045
Sapparo Atsubetsu,Kumamoto Airport,1651.812524
Sapparo Atsubetsu,Nagasaki Airport,1660.968497
Sapparo Atsubetsu,Nagasaki Port,1671.130172
Sapparo Atsubetsu,Miyazaki Airport,1702.523561
Sapparo Atsubetsu,Kagoshima Airport,1731.465861
Kakuhiro Group Athletics,Hakodate Port,197.8455574
Kakuhiro Group Athletics,Sendai Airport,267.7225153
Kakuhiro Group Athletics,New Chitose Airport,388.8169445
Kakuhiro Group Athletics,Narita Airport,475.6012558
Kakuhiro Group Athletics,Tokyo Port,498.7428181
Kakuhiro Group Athletics,Haneda Airport,515.0213269
Kakuhiro Group Athletics,Yokohama Port,529.6714119
Kakuhiro Group Athletics,Kanazawa Port,622.5071289
Kakuhiro Group Athletics,Nagoya Port,733.5690217
Kakuhiro Group Athletics,Chubu Centrair Airport,741.053078
Kakuhiro Group Athletics,Osaka Itami Airport,820.596394
Kakuhiro Group Athletics,Osaka Port,832.1260449
Kakuhiro Group Athletics,Kobe Port,855.0777572
Kakuhiro Group Athletics,Kobe Airport,859.928101
Kakuhiro Group Athletics,Kansai Airport,864.3555848
Kakuhiro Group Athletics,Hiroshima Port,1020.876864
Kakuhiro Group Athletics,Kochi Port,1027.388296
Kakuhiro Group Athletics,Hakata Port,1203.82538
Kakuhiro Group Athletics,Fukuoka Airport,1209.712221
Kakuhiro Group Athletics,Sasebo Port,1274.680051
Kakuhiro Group Athletics,Kumamoto Airport,1276.935529
Kakuhiro Group Athletics,Nagasaki Airport,1286.091502
Kakuhiro Group Athletics,Nagasaki Port,1296.253177
Kakuhiro Group Athletics,Miyazaki Airport,1327.646567
Kakuhiro Group Athletics,Kagoshima Airport,1356.588867
Takebishi Stadium,Osaka Itami Airport,53.32533212
Takebishi Stadium,Osaka Port,67.6891086
Takebishi Stadium,Kobe Port,88.52957282
Takebishi Stadium,Kobe Airport,93.37991667
Takebishi Stadium,Kansai Airport,99.91864852
Takebishi Stadium,Nagoya Port,116.1577412
Takebishi Stadium,Chubu Centrair Airport,134.3644842
Takebishi Stadium,Kanazawa Port,203.0928652
Takebishi Stadium,Hiroshima Port,271.6254934
Takebishi Stadium,Kochi Port,273.8250364
Takebishi Stadium,Yokohama Port,335.5298037
Takebishi Stadium,Haneda Airport,352.4833602
Takebishi Stadium,Tokyo Port,360.8723243
Takebishi Stadium,Narita Airport,412.4081531
Takebishi Stadium,Hakata Port,454.5740097
Takebishi Stadium,Fukuoka Airport,460.460851
Takebishi Stadium,Sasebo Port,525.4286804
Takebishi Stadium,Kumamoto Airport,527.6841588
Takebishi Stadium,Nagasaki Airport,536.8401319
Takebishi Stadium,Nagasaki Port,547.0018068
Takebishi Stadium,Miyazaki Airport,574.0833066
Takebishi Stadium,Sendai Airport,582.2292989
Takebishi Stadium,Kagoshima Airport,607.3374965
Takebishi Stadium,Hakodate Port,984.5408318
Takebishi Stadium,New Chitose Airport,1164.526565
Pocarisweat Stadium,Kobe Port,96.3407789
Pocarisweat Stadium,Kobe Airport,101.1911228
Pocarisweat Stadium,Osaka Itami Airport,110.4626948
Pocarisweat Stadium,Osaka Port,112.6515522
Pocarisweat Stadium,Kochi Port,143.4782263
Pocarisweat Stadium,Kansai Airport,158.1479378
Pocarisweat Stadium,Hiroshima Port,198.2687116
Pocarisweat Stadium,Nagoya Port,223.6555203
Pocarisweat Stadium,Chubu Centrair Airport,241.8622633
Pocarisweat Stadium,Kanazawa Port,297.1479964
Pocarisweat Stadium,Hakata Port,381.217228
Pocarisweat Stadium,Fukuoka Airport,387.1040693
Pocarisweat Stadium,Kumamoto Airport,441.4501531
Pocarisweat Stadium,Yokohama Port,443.0275828
Pocarisweat Stadium,Miyazaki Airport,443.7364965
Pocarisweat Stadium,Sasebo Port,452.0718987
Pocarisweat Stadium,Haneda Airport,459.9811393
Pocarisweat Stadium,Nagasaki Airport,463.4833501
Pocarisweat Stadium,Tokyo Port,468.3701034
Pocarisweat Stadium,Nagasaki Port,473.6450251
Pocarisweat Stadium,Kagoshima Airport,512.9095897
Pocarisweat Stadium,Narita Airport,519.9059322
Pocarisweat Stadium,Sendai Airport,676.28443
Pocarisweat Stadium,Hakodate Port,1078.595963
Pocarisweat Stadium,New Chitose Airport,1258.581696
IAI Stadium,Yokohama Port,128.0754491
IAI Stadium,Haneda Airport,145.0290056
IAI Stadium,Nagoya Port,151.6627333
IAI Stadium,Tokyo Port,153.4179697
IAI Stadium,Chubu Centrair Airport,159.1467896
IAI Stadium,Narita Airport,204.9537984
IAI Stadium,Osaka Itami Airport,258.1538487
IAI Stadium,Osaka Port,269.6834997
IAI Stadium,Kobe Port,293.3580894
IAI Stadium,Kobe Airport,298.2084333
IAI Stadium,Kansai Airport,301.9130396
IAI Stadium,Kanazawa Port,304.0827588
IAI Stadium,Sendai Airport,388.0543479
IAI Stadium,Hiroshima Port,476.45401
IAI Stadium,Kochi Port,478.653553
IAI Stadium,Hakata Port,659.4025264
IAI Stadium,Fukuoka Airport,665.2893677
IAI Stadium,Sasebo Port,730.2571971
IAI Stadium,Kumamoto Airport,732.5126755
IAI Stadium,Nagasaki Airport,741.6686485
IAI Stadium,Nagasaki Port,751.8303234
IAI Stadium,Miyazaki Airport,778.9118233
IAI Stadium,Hakodate Port,795.2779721
IAI Stadium,Kagoshima Airport,812.1660131
IAI Stadium,New Chitose Airport,975.2637053
Transcosmos Stadium,Nagasaki Port,21.60063357
Transcosmos Stadium,Nagasaki Airport,27.38488147
Transcosmos Stadium,Sasebo Port,53.82603015
Transcosmos Stadium,Fukuoka Airport,100.4504401
Transcosmos Stadium,Hakata Port,104.820328
Transcosmos Stadium,Kumamoto Airport,131.1557273
Transcosmos Stadium,Kagoshima Airport,210.809065
Transcosmos Stadium,Miyazaki Airport,243.8575828
Transcosmos Stadium,Hiroshima Port,294.5034339
Transcosmos Stadium,Kochi Port,470.7133815
Transcosmos Stadium,Osaka Itami Airport,497.7035435
Transcosmos Stadium,Kobe Port,500.3021171
Transcosmos Stadium,Kobe Airport,505.1524609
Transcosmos Stadium,Osaka Port,516.6128904
Transcosmos Stadium,Kansai Airport,562.109276
Transcosmos Stadium,Nagoya Port,610.8963689
Transcosmos Stadium,Chubu Centrair Airport,629.103112
Transcosmos Stadium,Kanazawa Port,679.8228184
Transcosmos Stadium,Yokohama Port,830.2684315
Transcosmos Stadium,Haneda Airport,847.221988
Transcosmos Stadium,Tokyo Port,855.6109521
Transcosmos Stadium,Narita Airport,907.1467809
Transcosmos Stadium,Sendai Airport,1058.959252
Transcosmos Stadium,Hakodate Port,1461.270785
Transcosmos Stadium,New Chitose Airport,1641.256518
Soyu Stadium,Sendai Airport,196.9055198
Soyu Stadium,Hakodate Port,340.4707208
Soyu Stadium,Narita Airport,404.7842603
Soyu Stadium,Tokyo Port,427.9258225
Soyu Stadium,Haneda Airport,444.2043313
Soyu Stadium,Yokohama Port,458.8544164
Soyu Stadium,Kanazawa Port,482.5039513
Soyu Stadium,New Chitose Airport,531.4421079
Soyu Stadium,Nagoya Port,616.8906423
Soyu Stadium,Chubu Centrair Airport,631.4142307
Soyu Stadium,Osaka Itami Airport,680.5932164
Soyu Stadium,Osaka Port,692.1228673
Soyu Stadium,Kobe Port,715.0745796
Soyu Stadium,Kobe Airport,719.9249234
Soyu Stadium,Kansai Airport,724.3524072
Soyu Stadium,Hiroshima Port,880.8736862
Soyu Stadium,Kochi Port,887.3851188
Soyu Stadium,Hakata Port,1063.822203
Soyu Stadium,Fukuoka Airport,1069.709044
Soyu Stadium,Sasebo Port,1134.676873
Soyu Stadium,Kumamoto Airport,1136.932352
Soyu Stadium,Nagasaki Airport,1146.088325
Soyu Stadium,Nagasaki Port,1156.25
Soyu Stadium,Miyazaki Airport,1187.643389
Soyu Stadium,Kagoshima Airport,1216.585689
Komazawa Olympic Stadium,Tokyo Port,31.26880661
Komazawa Olympic Stadium,Yokohama Port,31.96222585
Komazawa Olympic Stadium,Haneda Airport,36.94330382
Komazawa Olympic Stadium,Narita Airport,82.91268289
Komazawa Olympic Stadium,Nagoya Port,250.2876044
Komazawa Olympic Stadium,Chubu Centrair Airport,257.7716606
Komazawa Olympic Stadium,Sendai Airport,264.7557708
Komazawa Olympic Stadium,Osaka Itami Airport,356.7787198
Komazawa Olympic Stadium,Osaka Port,368.3083708
Komazawa Olympic Stadium,Kanazawa Port,368.7778941
Komazawa Olympic Stadium,Kobe Port,391.9829605
Komazawa Olympic Stadium,Kobe Airport,396.8333044
Komazawa Olympic Stadium,Kansai Airport,400.5379107
Komazawa Olympic Stadium,Hiroshima Port,575.0788811
Komazawa Olympic Stadium,Kochi Port,577.2784241
Komazawa Olympic Stadium,Hakodate Port,690.5536509
Komazawa Olympic Stadium,Hakata Port,758.0273974
Komazawa Olympic Stadium,Fukuoka Airport,763.9142387
Komazawa Olympic Stadium,Sasebo Port,828.8820681
Komazawa Olympic Stadium,Kumamoto Airport,831.1375465
Komazawa Olympic Stadium,Nagasaki Airport,840.2935195
Komazawa Olympic Stadium,Nagasaki Port,850.4551945
Komazawa Olympic Stadium,New Chitose Airport,870.5393842
Komazawa Olympic Stadium,Miyazaki Airport,877.5366943
Komazawa Olympic Stadium,Kagoshima Airport,910.7908842
Chiyodai Baseball Stadium,Hakodate Port,5.692189657
Chiyodai Baseball Stadium,New Chitose Airport,203.4148555
Chiyodai Baseball Stadium,Sendai Airport,444.2094541
Chiyodai Baseball Stadium,Narita Airport,652.0881946
Chiyodai Baseball Stadium,Tokyo Port,675.2297569
Chiyodai Baseball Stadium,Haneda Airport,691.5082656
Chiyodai Baseball Stadium,Yokohama Port,706.1583507
Chiyodai Baseball Stadium,Kanazawa Port,798.9940677
Chiyodai Baseball Stadium,Nagoya Port,910.0559605
Chiyodai Baseball Stadium,Chubu Centrair Airport,917.5400167
Chiyodai Baseball Stadium,Osaka Itami Airport,997.0833327
Chiyodai Baseball Stadium,Osaka Port,1008.612984
Chiyodai Baseball Stadium,Kobe Port,1031.564696
Chiyodai Baseball Stadium,Kobe Airport,1036.41504
Chiyodai Baseball Stadium,Kansai Airport,1040.842524
Chiyodai Baseball Stadium,Hiroshima Port,1197.363803
Chiyodai Baseball Stadium,Kochi Port,1203.875235
Chiyodai Baseball Stadium,Hakata Port,1380.312319
Chiyodai Baseball Stadium,Fukuoka Airport,1386.19916
Chiyodai Baseball Stadium,Sasebo Port,1451.16699
Chiyodai Baseball Stadium,Kumamoto Airport,1453.422468
Chiyodai Baseball Stadium,Nagasaki Airport,1462.578441
Chiyodai Baseball Stadium,Nagasaki Port,1472.740116
Chiyodai Baseball Stadium,Miyazaki Airport,1504.133505
Chiyodai Baseball Stadium,Kagoshima Airport,1533.075806
Hinata Stadium,Miyazaki Airport,13.92813275
Hinata Stadium,Kagoshima Airport,91.80267248
Hinata Stadium,Kumamoto Airport,146.7370843
Hinata Stadium,Fukuoka Airport,210.4400537
Hinata Stadium,Hakata Port,214.8099415
Hinata Stadium,Sasebo Port,252.1708302
Hinata Stadium,Nagasaki Airport,263.5822816
Hinata Stadium,Nagasaki Port,269.0900983
Hinata Stadium,Hiroshima Port,396.8355806
Hinata Stadium,Kochi Port,429.9638955
Hinata Stadium,Kobe Port,527.3548715
Hinata Stadium,Kobe Airport,532.2052153
Hinata Stadium,Osaka Itami Airport,541.4767874
Hinata Stadium,Osaka Port,543.6656448
Hinata Stadium,Kansai Airport,582.1791603
Hinata Stadium,Nagoya Port,654.6696129
Hinata Stadium,Chubu Centrair Airport,672.8763559
Hinata Stadium,Kanazawa Port,728.162089
Hinata Stadium,Yokohama Port,874.0416754
Hinata Stadium,Haneda Airport,890.9952319
Hinata Stadium,Tokyo Port,899.384196
Hinata Stadium,Narita Airport,950.9200248
Hinata Stadium,Sendai Airport,1107.298523
Hinata Stadium,Hakodate Port,1509.610056
Hinata Stadium,New Chitose Airport,1689.595789
Kashiwanoha Stadium,Tokyo Port,45.90231113
Kashiwanoha Stadium,Narita Airport,56.03981686
Kashiwanoha Stadium,Haneda Airport,62.18081988
Kashiwanoha Stadium,Yokohama Port,76.83090494
Kashiwanoha Stadium,Sendai Airport,207.6673363
Kashiwanoha Stadium,Nagoya Port,298.2712203
Kashiwanoha Stadium,Chubu Centrair Airport,305.7552765
Kashiwanoha Stadium,Kanazawa Port,350.9466235
Kashiwanoha Stadium,Osaka Itami Airport,404.7623357
Kashiwanoha Stadium,Osaka Port,416.2919867
Kashiwanoha Stadium,Kobe Port,439.9665764
Kashiwanoha Stadium,Kobe Airport,444.8169203
Kashiwanoha Stadium,Kansai Airport,448.5215266
Kashiwanoha Stadium,Hiroshima Port,623.062497
Kashiwanoha Stadium,Kochi Port,625.26204
Kashiwanoha Stadium,Hakodate Port,633.4652164
Kashiwanoha Stadium,Hakata Port,806.0110133
Kashiwanoha Stadium,Fukuoka Airport,811.8978547
Kashiwanoha Stadium,New Chitose Airport,813.4509496
Kashiwanoha Stadium,Sasebo Port,876.865684
Kashiwanoha Stadium,Kumamoto Airport,879.1211624
Kashiwanoha Stadium,Nagasaki Airport,888.2771355
Kashiwanoha Stadium,Nagasaki Port,898.4388104
Kashiwanoha Stadium,Miyazaki Airport,925.5203103
Kashiwanoha Stadium,Kagoshima Airport,958.7745001
Ningineer Stadium,Kochi Port,131.0821172
Ningineer Stadium,Hiroshima Port,140.0225409
Ningineer Stadium,Kobe Port,228.4730931
Ningineer Stadium,Kobe Airport,233.323437
Ningineer Stadium,Osaka Itami Airport,242.5950091
Ningineer Stadium,Osaka Port,244.7838664
Ningineer Stadium,Kansai Airport,283.2973819
Ningineer Stadium,Fukuoka Airport,308.2463778
Ningineer Stadium,Kumamoto Airport,311.3487101
Ningineer Stadium,Hakata Port,312.1688513
Ningineer Stadium,Miyazaki Airport,313.6350535
Ningineer Stadium,Sasebo Port,349.8494993
Ningineer Stadium,Nagoya Port,355.7878345
Ningineer Stadium,Nagasaki Airport,361.2609507
Ningineer Stadium,Nagasaki Port,371.4226256
Ningineer Stadium,Chubu Centrair Airport,373.9945775
Ningineer Stadium,Kagoshima Airport,382.8081467
Ningineer Stadium,Kanazawa Port,429.2803106
Ningineer Stadium,Yokohama Port,575.1598971
Ningineer Stadium,Haneda Airport,592.1134535
Ningineer Stadium,Tokyo Port,600.5024176
Ningineer Stadium,Narita Airport,652.0382464
Ningineer Stadium,Sendai Airport,808.4167443
Ningineer Stadium,Hakodate Port,1210.728277
Ningineer Stadium,New Chitose Airport,1390.71401
Ishin Me-Life Stadium,Hakata Port,112.1231046
Ishin Me-Life Stadium,Hiroshima Port,112.1553182
Ishin Me-Life Stadium,Fukuoka Airport,118.0099459
Ishin Me-Life Stadium,Sasebo Port,182.9777753
Ishin Me-Life Stadium,Kumamoto Airport,185.2332537
Ishin Me-Life Stadium,Nagasaki Airport,194.3892267
Ishin Me-Life Stadium,Nagasaki Port,204.5509017
Ishin Me-Life Stadium,Kagoshima Airport,264.8865914
Ishin Me-Life Stadium,Miyazaki Airport,290.1389247
Ishin Me-Life Stadium,Kochi Port,310.3972463
Ishin Me-Life Stadium,Osaka Itami Airport,315.3554278
Ishin Me-Life Stadium,Kobe Port,317.9540014
Ishin Me-Life Stadium,Kobe Airport,322.8043452
Ishin Me-Life Stadium,Osaka Port,334.2647746
Ishin Me-Life Stadium,Kansai Airport,379.7611602
Ishin Me-Life Stadium,Nagoya Port,428.5482532
Ishin Me-Life Stadium,Chubu Centrair Airport,446.7549962
Ishin Me-Life Stadium,Kanazawa Port,497.4747027
Ishin Me-Life Stadium,Yokohama Port,647.9203158
Ishin Me-Life Stadium,Haneda Airport,664.8738722
Ishin Me-Life Stadium,Tokyo Port,673.2628363
Ishin Me-Life Stadium,Narita Airport,724.7986651
Ishin Me-Life Stadium,Sendai Airport,876.6111363
Ishin Me-Life Stadium,Hakodate Port,1278.922669
Ishin Me-Life Stadium,New Chitose Airport,1458.908402
Ota Athletics Stadium,Tokyo Port,113.0931537
Ota Athletics Stadium,Narita Airport,124.6594391
Ota Athletics Stadium,Haneda Airport,129.3716625
Ota Athletics Stadium,Yokohama Port,144.0217475
Ota Athletics Stadium,Sendai Airport,227.3535182
Ota Athletics Stadium,Kanazawa Port,300.5323646
Ota Athletics Stadium,Nagoya Port,320.1856456
Ota Athletics Stadium,Chubu Centrair Airport,334.7092341
Ota Athletics Stadium,Osaka Itami Airport,420.0808257
Ota Athletics Stadium,Osaka Port,431.6104767
Ota Athletics Stadium,Kobe Port,455.2850664
Ota Athletics Stadium,Kobe Airport,460.1354103
Ota Athletics Stadium,Kansai Airport,463.8400166
Ota Athletics Stadium,Hakodate Port,629.6650511
Ota Athletics Stadium,Hiroshima Port,638.380987
Ota Athletics Stadium,Kochi Port,640.58053
Ota Athletics Stadium,New Chitose Airport,809.6507844
Ota Athletics Stadium,Hakata Port,821.3295033
Ota Athletics Stadium,Fukuoka Airport,827.2163446
Ota Athletics Stadium,Sasebo Port,892.184174
Ota Athletics Stadium,Kumamoto Airport,894.4396524
Ota Athletics Stadium,Nagasaki Airport,903.5956255
Ota Athletics Stadium,Nagasaki Port,913.7573004
Ota Athletics Stadium,Miyazaki Airport,940.8388002
Ota Athletics Stadium,Kagoshima Airport,974.0929901
Obihiro Athletics Stadium,New Chitose Airport,118.4701787
Obihiro Athletics Stadium,Hakodate Port,309.941142
Obihiro Athletics Stadium,Sendai Airport,735.6541328
Obihiro Athletics Stadium,Narita Airport,943.5328733
Obihiro Athletics Stadium,Tokyo Port,966.6744356
Obihiro Athletics Stadium,Haneda Airport,982.9529443
Obihiro Athletics Stadium,Yokohama Port,997.6030294
Obihiro Athletics Stadium,Kanazawa Port,1090.438746
Obihiro Athletics Stadium,Nagoya Port,1201.500639
Obihiro Athletics Stadium,Chubu Centrair Airport,1208.984695
Obihiro Athletics Stadium,Osaka Itami Airport,1288.528011
Obihiro Athletics Stadium,Osaka Port,1300.057662
Obihiro Athletics Stadium,Kobe Port,1323.009375
Obihiro Athletics Stadium,Kobe Airport,1327.859718
Obihiro Athletics Stadium,Kansai Airport,1332.287202
Obihiro Athletics Stadium,Hiroshima Port,1488.808481
Obihiro Athletics Stadium,Kochi Port,1495.319914
Obihiro Athletics Stadium,Hakata Port,1671.756998
Obihiro Athletics Stadium,Fukuoka Airport,1677.643839
Obihiro Athletics Stadium,Sasebo Port,1742.611668
Obihiro Athletics Stadium,Kumamoto Airport,1744.867147
Obihiro Athletics Stadium,Nagasaki Airport,1754.02312
Obihiro Athletics Stadium,Nagasaki Port,1764.184795
Obihiro Athletics Stadium,Miyazaki Airport,1795.578184
Obihiro Athletics Stadium,Kagoshima Airport,1824.520484
Hanasaki Sports Park,New Chitose Airport,132.2614957
Hanasaki Sports Park,Hakodate Port,316.2014855
Hanasaki Sports Park,Sendai Airport,741.9144763
Hanasaki Sports Park,Narita Airport,949.7932169
Hanasaki Sports Park,Tokyo Port,972.9347791
Hanasaki Sports Park,Haneda Airport,989.2132879
Hanasaki Sports Park,Yokohama Port,1003.863373
Hanasaki Sports Park,Kanazawa Port,1096.69909
Hanasaki Sports Park,Nagoya Port,1207.760983
Hanasaki Sports Park,Chubu Centrair Airport,1215.245039
Hanasaki Sports Park,Osaka Itami Airport,1294.788355
Hanasaki Sports Park,Osaka Port,1306.318006
Hanasaki Sports Park,Kobe Port,1329.269718
Hanasaki Sports Park,Kobe Airport,1334.120062
Hanasaki Sports Park,Kansai Airport,1338.547546
Hanasaki Sports Park,Hiroshima Port,1495.068825
Hanasaki Sports Park,Kochi Port,1501.580257
Hanasaki Sports Park,Hakata Port,1678.017341
Hanasaki Sports Park,Fukuoka Airport,1683.904182
Hanasaki Sports Park,Sasebo Port,1748.872012
Hanasaki Sports Park,Kumamoto Airport,1751.12749
Hanasaki Sports Park,Nagasaki Airport,1760.283463
Hanasaki Sports Park,Nagasaki Port,1770.445138
Hanasaki Sports Park,Miyazaki Airport,1801.838528
Hanasaki Sports Park,Kagoshima Airport,1830.780828
Nagaoka Athletics Stadium,Kanazawa Port,173.1801939
Nagaoka Athletics Stadium,Tokyo Port,221.4701205
Nagaoka Athletics Stadium,Sendai Airport,227.0800514
Nagaoka Athletics Stadium,Haneda Airport,233.2787577
Nagaoka Athletics Stadium,Yokohama Port,233.3124144
Nagaoka Athletics Stadium,Narita Airport,240.5411017
Nagaoka Athletics Stadium,Nagoya Port,307.5668848
Nagaoka Athletics Stadium,Chubu Centrair Airport,322.0904733
Nagaoka Athletics Stadium,Osaka Itami Airport,371.2694589
Nagaoka Athletics Stadium,Osaka Port,382.7991099
Nagaoka Athletics Stadium,Kobe Port,405.7508221
Nagaoka Athletics Stadium,Kobe Airport,410.601166
Nagaoka Athletics Stadium,Kansai Airport,415.0286498
Nagaoka Athletics Stadium,Hiroshima Port,571.5499287
Nagaoka Athletics Stadium,Kochi Port,578.0613614
Nagaoka Athletics Stadium,Hakodate Port,629.3915843
Nagaoka Athletics Stadium,Hakata Port,754.4984451
Nagaoka Athletics Stadium,Fukuoka Airport,760.3852864
Nagaoka Athletics Stadium,New Chitose Airport,809.3773176
Nagaoka Athletics Stadium,Sasebo Port,825.3531158
Nagaoka Athletics Stadium,Kumamoto Airport,827.6085942
Nagaoka Athletics Stadium,Nagasaki Airport,836.7645672
Nagaoka Athletics Stadium,Nagasaki Port,846.9262422
Nagaoka Athletics Stadium,Miyazaki Airport,878.3196317
Nagaoka Athletics Stadium,Kagoshima Airport,907.2619319
US Embassy,Tokyo Port,16.72128739
US Embassy,Haneda Airport,31.43185637
US Embassy,Yokohama Port,42.82551749
US Embassy,Narita Airport,65.63267753
US Embassy,Sendai Airport,247.3557513
US Embassy,Nagoya Port,257.9885812
US Embassy,Chubu Centrair Airport,265.4726375
US Embassy,Kanazawa Port,359.5129759
US Embassy,Osaka Itami Airport,364.4796967
US Embassy,Osaka Port,376.0093476
US Embassy,Kobe Port,399.6839374
US Embassy,Kobe Airport,404.5342812
US Embassy,Kansai Airport,408.2388876
US Embassy,Hiroshima Port,582.7798579
US Embassy,Kochi Port,584.9794009
US Embassy,Hakodate Port,673.1536314
US Embassy,Hakata Port,765.7283743
US Embassy,Fukuoka Airport,771.6152156
US Embassy,Sasebo Port,836.583045
US Embassy,Kumamoto Airport,838.8385234
US Embassy,Nagasaki Airport,847.9944964
US Embassy,New Chitose Airport,853.1393646
US Embassy,Nagasaki Port,858.1561713
US Embassy,Miyazaki Airport,885.2376712
US Embassy,Kagoshima Airport,918.491861
US Consolate General Osaka-Kobe,Osaka Port,17.02247728
US Consolate General Osaka-Kobe,Osaka Itami Airport,19.08635125
US Consolate General Osaka-Kobe,Kobe Port,53.30600715
US Consolate General Osaka-Kobe,Kobe Airport,58.156351
US Consolate General Osaka-Kobe,Kansai Airport,61.25496215
US Consolate General Osaka-Kobe,Nagoya Port,132.4036312
US Consolate General Osaka-Kobe,Chubu Centrair Airport,150.6103742
US Consolate General Osaka-Kobe,Kanazawa Port,219.3387553
US Consolate General Osaka-Kobe,Kochi Port,245.2542417
US Consolate General Osaka-Kobe,Hiroshima Port,246.6001317
US Consolate General Osaka-Kobe,Yokohama Port,351.7756938
US Consolate General Osaka-Kobe,Haneda Airport,368.7292502
US Consolate General Osaka-Kobe,Tokyo Port,377.1182143
US Consolate General Osaka-Kobe,Narita Airport,428.6540431
US Consolate General Osaka-Kobe,Hakata Port,429.5486481
US Consolate General Osaka-Kobe,Fukuoka Airport,435.4354894
US Consolate General Osaka-Kobe,Sasebo Port,500.4033188
US Consolate General Osaka-Kobe,Kumamoto Airport,502.6587972
US Consolate General Osaka-Kobe,Nagasaki Airport,511.8147702
US Consolate General Osaka-Kobe,Nagasaki Port,521.9764452
US Consolate General Osaka-Kobe,Miyazaki Airport,545.512512
US Consolate General Osaka-Kobe,Kagoshima Airport,582.3121349
US Consolate General Osaka-Kobe,Sendai Airport,598.4751889
US Consolate General Osaka-Kobe,Hakodate Port,1000.786722
US Consolate General Osaka-Kobe,New Chitose Airport,1180.772455
US Consolate General Sapparo,New Chitose Airport,59.7969498
US Consolate General Sapparo,Hakodate Port,241.4988014
US Consolate General Sapparo,Sendai Airport,667.2117923
US Consolate General Sapparo,Narita Airport,875.0905328
US Consolate General Sapparo,Tokyo Port,898.2320951
US Consolate General Sapparo,Haneda Airport,914.5106038
US Consolate General Sapparo,Yokohama Port,929.1606889
US Consolate General Sapparo,Kanazawa Port,1021.996406
US Consolate General Sapparo,Nagoya Port,1133.058299
US Consolate General Sapparo,Chubu Centrair Airport,1140.542355
US Consolate General Sapparo,Osaka Itami Airport,1220.085671
US Consolate General Sapparo,Osaka Port,1231.615322
US Consolate General Sapparo,Kobe Port,1254.567034
US Consolate General Sapparo,Kobe Airport,1259.417378
US Consolate General Sapparo,Kansai Airport,1263.844862
US Consolate General Sapparo,Hiroshima Port,1420.366141
US Consolate General Sapparo,Kochi Port,1426.877573
US Consolate General Sapparo,Hakata Port,1603.314657
US Consolate General Sapparo,Fukuoka Airport,1609.201498
US Consolate General Sapparo,Sasebo Port,1674.169328
US Consolate General Sapparo,Kumamoto Airport,1676.424806
US Consolate General Sapparo,Nagasaki Airport,1685.580779
US Consolate General Sapparo,Nagasaki Port,1695.742454
US Consolate General Sapparo,Miyazaki Airport,1727.135844
US Consolate General Sapparo,Kagoshima Airport,1756.078144
US Consolate Fukuoka,Hakata Port,13.16030222
US Consolate Fukuoka,Fukuoka Airport,17.42837675
US Consolate Fukuoka,Sasebo Port,97.07949471
US Consolate Fukuoka,Kumamoto Airport,99.33497311
US Consolate Fukuoka,Nagasaki Airport,108.4909461
US Consolate Fukuoka,Nagasaki Port,118.6526211
US Consolate Fukuoka,Kagoshima Airport,178.9883108
US Consolate Fukuoka,Miyazaki Airport,212.0368286
US Consolate Fukuoka,Hiroshima Port,215.4861542
US Consolate Fukuoka,Kochi Port,413.7280823
US Consolate Fukuoka,Osaka Itami Airport,418.6862637
US Consolate Fukuoka,Kobe Port,421.2848373
US Consolate Fukuoka,Kobe Airport,426.1351812
US Consolate Fukuoka,Osaka Port,437.5956106
US Consolate Fukuoka,Kansai Airport,483.0919962
US Consolate Fukuoka,Nagoya Port,531.8790892
US Consolate Fukuoka,Chubu Centrair Airport,550.0858322
US Consolate Fukuoka,Kanazawa Port,600.8055386
US Consolate Fukuoka,Yokohama Port,751.2511518
US Consolate Fukuoka,Haneda Airport,768.2047082
US Consolate Fukuoka,Tokyo Port,776.5936723
US Consolate Fukuoka,Narita Airport,828.1295011
US Consolate Fukuoka,Sendai Airport,979.9419723
US Consolate Fukuoka,Hakodate Port,1382.253505
US Consolate Fukuoka,New Chitose Airport,1562.239238
US Consolate Nagoya,Nagoya Port,21.74403957
US Consolate Nagoya,Chubu Centrair Airport,40.67372539
US Consolate Nagoya,Osaka Itami Airport,127.5262131
US Consolate Nagoya,Osaka Port,139.055864
US Consolate Nagoya,Kobe Port,162.7304538
US Consolate Nagoya,Kobe Airport,167.5807976
US Consolate Nagoya,Kansai Airport,171.2854039
US Consolate Nagoya,Kanazawa Port,174.6902115
US Consolate Nagoya,Yokohama Port,241.3251442
US Consolate Nagoya,Haneda Airport,258.2787007
US Consolate Nagoya,Tokyo Port,266.6676648
US Consolate Nagoya,Narita Airport,318.2034935
US Consolate Nagoya,Hiroshima Port,345.8263743
US Consolate Nagoya,Kochi Port,348.0259173
US Consolate Nagoya,Sendai Airport,501.304043
US Consolate Nagoya,Hakata Port,528.7748907
US Consolate Nagoya,Fukuoka Airport,534.661732
US Consolate Nagoya,Sasebo Port,599.6295614
US Consolate Nagoya,Kumamoto Airport,601.8850398
US Consolate Nagoya,Nagasaki Airport,611.0410128
US Consolate Nagoya,Nagasaki Port,621.2026877
US Consolate Nagoya,Miyazaki Airport,648.2841876
US Consolate Nagoya,Kagoshima Airport,681.5383774
US Consolate Nagoya,Hakodate Port,903.8882934
US Consolate Nagoya,New Chitose Airport,1083.874027
US army Camp Zama,Yokohama Port,44.95181062
US army Camp Zama,Haneda Airport,61.90536706
US army Camp Zama,Tokyo Port,70.29433116
US army Camp Zama,Narita Airport,121.8301599
US army Camp Zama,Nagoya Port,224.4333209
US army Camp Zama,Chubu Centrair Airport,231.9173771
US army Camp Zama,Sendai Airport,297.4965635
US army Camp Zama,Osaka Itami Airport,330.9244363
US army Camp Zama,Osaka Port,342.4540873
US army Camp Zama,Kanazawa Port,351.9395042
US army Camp Zama,Kobe Port,366.128677
US army Camp Zama,Kobe Airport,370.9790209
US army Camp Zama,Kansai Airport,374.6836272
US army Camp Zama,Hiroshima Port,549.2245976
US army Camp Zama,Kochi Port,551.4241406
US army Camp Zama,Hakodate Port,699.8080964
US army Camp Zama,Hakata Port,732.1731139
US army Camp Zama,Fukuoka Airport,738.0599552
US army Camp Zama,Sasebo Port,803.0277846
US army Camp Zama,Kumamoto Airport,805.283263
US army Camp Zama,Nagasaki Airport,814.4392361
US army Camp Zama,Nagasaki Port,824.600911
US army Camp Zama,Miyazaki Airport,851.6824108
US army Camp Zama,New Chitose Airport,879.7938296
US army Camp Zama,Kagoshima Airport,884.9366007
Yokota Air Base,Yokohama Port,75.36123117
Yokota Air Base,Tokyo Port,76.11239162
Yokota Air Base,Haneda Airport,81.82135844
Yokota Air Base,Narita Airport,120.3093399
Yokota Air Base,Nagoya Port,254.8427414
Yokota Air Base,Chubu Centrair Airport,262.3267977
Yokota Air Base,Sendai Airport,273.5197231
Yokota Air Base,Kanazawa Port,328.7492314
Yokota Air Base,Osaka Itami Airport,361.3338569
Yokota Air Base,Osaka Port,372.8635078
Yokota Air Base,Kobe Port,396.5380976
Yokota Air Base,Kobe Airport,401.3884414
Yokota Air Base,Kansai Airport,405.0930478
Yokota Air Base,Hiroshima Port,579.6340181
Yokota Air Base,Kochi Port,581.8335611
Yokota Air Base,Hakodate Port,675.831256
Yokota Air Base,Hakata Port,762.5825345
Yokota Air Base,Fukuoka Airport,768.4693758
Yokota Air Base,Sasebo Port,833.4372052
Yokota Air Base,Kumamoto Airport,835.6926836
Yokota Air Base,Nagasaki Airport,844.8486566
Yokota Air Base,Nagasaki Port,855.0103316
Yokota Air Base,New Chitose Airport,855.8169892
Yokota Air Base,Miyazaki Airport,882.0918314
Yokota Air Base,Kagoshima Airport,915.3460212
Misawa Air Base,Hakodate Port,244.3342955
Misawa Air Base,Sendai Airport,247.5035985
Misawa Air Base,New Chitose Airport,415.9614748
Misawa Air Base,Narita Airport,455.382339
Misawa Air Base,Tokyo Port,478.5239013
Misawa Air Base,Haneda Airport,494.80241
Misawa Air Base,Yokohama Port,509.4524951
Misawa Air Base,Kanazawa Port,602.288212
Misawa Air Base,Nagoya Port,713.3501049
Misawa Air Base,Chubu Centrair Airport,720.8341611
Misawa Air Base,Osaka Itami Airport,800.3774771
Misawa Air Base,Osaka Port,811.9071281
Misawa Air Base,Kobe Port,834.8588403
Misawa Air Base,Kobe Airport,839.7091842
Misawa Air Base,Kansai Airport,844.136668
Misawa Air Base,Hiroshima Port,1000.657947
Misawa Air Base,Kochi Port,1007.16938
Misawa Air Base,Hakata Port,1183.606463
Misawa Air Base,Fukuoka Airport,1189.493305
Misawa Air Base,Sasebo Port,1254.461134
Misawa Air Base,Kumamoto Airport,1256.716612
Misawa Air Base,Nagasaki Airport,1265.872585
Misawa Air Base,Nagasaki Port,1276.03426
Misawa Air Base,Miyazaki Airport,1307.42765
Misawa Air Base,Kagoshima Airport,1336.36995
MCAS Iwakuni,Hiroshima Port,62.77883327
MCAS Iwakuni,Hakata Port,184.4520124
MCAS Iwakuni,Fukuoka Airport,190.3388537
MCAS Iwakuni,Sasebo Port,255.3066831
MCAS Iwakuni,Kumamoto Airport,257.5621615
MCAS Iwakuni,Kochi Port,261.0207614
MCAS Iwakuni,Osaka Itami Airport,265.9789428
MCAS Iwakuni,Nagasaki Airport,266.7181345
MCAS Iwakuni,Kobe Port,268.5775164
MCAS Iwakuni,Kobe Airport,273.4278603
MCAS Iwakuni,Nagasaki Port,276.8798095
MCAS Iwakuni,Osaka Port,284.8882897
MCAS Iwakuni,Kansai Airport,330.3846753
MCAS Iwakuni,Kagoshima Airport,337.2154992
MCAS Iwakuni,Miyazaki Airport,362.4678324
MCAS Iwakuni,Nagoya Port,379.1717683
MCAS Iwakuni,Chubu Centrair Airport,397.3785113
MCAS Iwakuni,Kanazawa Port,448.0982177
MCAS Iwakuni,Yokohama Port,598.5438309
MCAS Iwakuni,Haneda Airport,615.4973873
MCAS Iwakuni,Tokyo Port,623.8863514
MCAS Iwakuni,Narita Airport,675.4221802
MCAS Iwakuni,Sendai Airport,827.2346514
MCAS Iwakuni,Hakodate Port,1229.546184
MCAS Iwakuni,New Chitose Airport,1409.531918
Yokosuka Navy Base,Yokohama Port,31.0681249
Yokosuka Navy Base,Haneda Airport,47.40485243
Yokosuka Navy Base,Tokyo Port,59.47379394
Yokosuka Navy Base,Narita Airport,111.0096227
Yokosuka Navy Base,Nagoya Port,251.7941315
Yokosuka Navy Base,Chubu Centrair Airport,259.2781878
Yokosuka Navy Base,Sendai Airport,300.2304038
Yokosuka Navy Base,Osaka Itami Airport,358.2852469
Yokosuka Navy Base,Osaka Port,369.8148979
Yokosuka Navy Base,Kanazawa Port,392.0156621
Yokosuka Navy Base,Kobe Port,393.4894876
Yokosuka Navy Base,Kobe Airport,398.3398315
Yokosuka Navy Base,Kansai Airport,402.0444378
Yokosuka Navy Base,Hiroshima Port,576.5854082
Yokosuka Navy Base,Kochi Port,578.7849512
Yokosuka Navy Base,Hakodate Port,726.0282839
Yokosuka Navy Base,Hakata Port,759.5339246
Yokosuka Navy Base,Fukuoka Airport,765.4207659
Yokosuka Navy Base,Sasebo Port,830.3885953
Yokosuka Navy Base,Kumamoto Airport,832.6440737
Yokosuka Navy Base,Nagasaki Airport,841.8000467
Yokosuka Navy Base,Nagasaki Port,851.9617216
Yokosuka Navy Base,Miyazaki Airport,879.0432215
Yokosuka Navy Base,New Chitose Airport,906.0140172
Yokosuka Navy Base,Kagoshima Airport,912.2974113
Atsugi Navy Base,Yokohama Port,35.14358724
Atsugi Navy Base,Haneda Airport,52.09714369
Atsugi Navy Base,Tokyo Port,60.48610778
Atsugi Navy Base,Narita Airport,112.0219366
Atsugi Navy Base,Nagoya Port,222.6914542
Atsugi Navy Base,Chubu Centrair Airport,230.1755104
Atsugi Navy Base,Sendai Airport,295.1224861
Atsugi Navy Base,Osaka Itami Airport,329.1825696
Atsugi Navy Base,Osaka Port,340.7122206
Atsugi Navy Base,Kanazawa Port,362.9129847
Atsugi Navy Base,Kobe Port,364.3868103
Atsugi Navy Base,Kobe Airport,369.2371542
Atsugi Navy Base,Kansai Airport,372.9417605
Atsugi Navy Base,Hiroshima Port,547.4827309
Atsugi Navy Base,Kochi Port,549.6822739
Atsugi Navy Base,Hakodate Port,710.781577
Atsugi Navy Base,Hakata Port,730.4312472
Atsugi Navy Base,Fukuoka Airport,736.3180885
Atsugi Navy Base,Sasebo Port,801.2859179
Atsugi Navy Base,Kumamoto Airport,803.5413963
Atsugi Navy Base,Nagasaki Airport,812.6973693
Atsugi Navy Base,Nagasaki Port,822.8590443
Atsugi Navy Base,Miyazaki Airport,849.9405441
Atsugi Navy Base,Kagoshima Airport,883.194734
Atsugi Navy Base,New Chitose Airport,890.7673102
Sasebo Navy Base,Sasebo Port,4.572062176
Sasebo Navy Base,Nagasaki Airport,54.67468333
Sasebo Navy Base,Nagasaki Port,64.83635828
Sasebo Navy Base,Fukuoka Airport,89.78739166
Sasebo Navy Base,Hakata Port,94.15727947
Sasebo Navy Base,Kumamoto Airport,134.3673965
Sasebo Navy Base,Kagoshima Airport,214.0207342
Sasebo Navy Base,Miyazaki Airport,247.069252
Sasebo Navy Base,Hiroshima Port,283.8403854
Sasebo Navy Base,Kochi Port,460.050333
Sasebo Navy Base,Osaka Itami Airport,487.040495
Sasebo Navy Base,Kobe Port,489.6390686
Sasebo Navy Base,Kobe Airport,494.4894125
Sasebo Navy Base,Osaka Port,505.9498419
Sasebo Navy Base,Kansai Airport,551.4462275
Sasebo Navy Base,Nagoya Port,600.2333205
Sasebo Navy Base,Chubu Centrair Airport,618.4400635
Sasebo Navy Base,Kanazawa Port,669.1597699
Sasebo Navy Base,Yokohama Port,819.6053831
Sasebo Navy Base,Haneda Airport,836.5589395
Sasebo Navy Base,Tokyo Port,844.9479036
Sasebo Navy Base,Narita Airport,896.4837324
Sasebo Navy Base,Sendai Airport,1048.296204
Sasebo Navy Base,Hakodate Port,1450.607736
Sasebo Navy Base,New Chitose Airport,1630.59347